Label,Aquaintance,Friend,Study,Support,Politics,OldFriend,Grade,LeftRight,Group
70l,['s44'],[],['s44'],['s44'],[],[],"[('s44', 7.0)]","[('s44', 6.0)]","[('s44', 1.0)]"
s44,['70l'],['70l'],[],[],[],[],"[('70l', 7.0)]","[('70l', 4.0)]","[('70l', 1.0)]"
467,"['199', 'ym6', 'e8i', 'f7n', 'o2r']","['199', 'f7n']","['199', 'ym6', 'o2r']",[],['e8i'],[],"[('199', 4.0), ('ym6', 2.0), ('e8i', 5.0), ('f7n', 4.0), ('o2r', 6.0)]","[('199', 2.0), ('ym6', 3.0), ('e8i', 3.0), ('f7n', 4.0), ('o2r', 3.0)]","[('199', 1.0), ('ym6', 2.0), ('e8i', 2.0), ('f7n', 1.0), ('o2r', 3.0)]"
cav,"['0fo', 'yyj', 'hro', 'wom', 'rji', 'zfv', '7mf', '3rt', 'i9d']","['0fo', 'yyj', 'hro', 'wom', 'rji', 'zfv', '7mf', '3rt', 'i9d']",[],"['0fo', 'yyj', 'hro', 'wom', 'rji', 'zfv', '7mf', '3rt', 'i9d']",[],[],"[('0fo', 1.0), ('yyj', 1.0), ('hro', 1.0), ('wom', 1.0), ('rji', 1.0), ('zfv', 1.0), ('7mf', 1.0), ('3rt', 1.0), ('i9d', 1.0)]","[('0fo', 6.0), ('yyj', 6.0), ('hro', 6.0), ('wom', 6.0), ('rji', 6.0), ('zfv', 6.0), ('7mf', 6.0), ('3rt', 6.0), ('i9d', 6.0)]","[('0fo', 1.0), ('yyj', 1.0), ('hro', 1.0), ('wom', 1.0), ('rji', 2.0), ('zfv', 2.0), ('7mf', 2.0), ('3rt', 2.0), ('i9d', 2.0)]"
6nj,"['cos', 'ats', 'epz']","['cos', 'ats', 'epz']",['cos'],"['cos', 'ats']",[],"['cos', 'ats']","[('cos', 4.0), ('ats', 3.0), ('epz', 4.0)]","[('cos', 4.0), ('ats', 3.0), ('epz', 2.0)]","[('cos', 1.0), ('ats', 1.0), ('epz', 1.0)]"
cos,"['6nj', 'ats', 'epz']","['6nj', 'ats', 'epz']",['6nj'],"['6nj', 'ats', 'epz']",[],"['6nj', 'ats']","[('6nj', 4.0), ('ats', 3.0), ('epz', 4.0)]","[('6nj', 3.0), ('ats', 3.0), ('epz', 2.0)]","[('6nj', 1.0), ('ats', 1.0), ('epz', 1.0)]"
pfr,"['3ue', 'cav', '0fo', 'yyj', 'hro', 'wom', 'ayq', 'd8d']","['3ue', 'cav', '0fo', 'hro', 'wom', 'ayq', 'd8d']",[],"['3ue', 'cav', '0fo', 'hro', 'wom', 'ayq']",[],[],"[('3ue', 1.0), ('cav', 1.0), ('0fo', 1.0), ('yyj', 1.0), ('hro', 1.0), ('wom', 1.0), ('ayq', 1.0), ('d8d', 1.0)]","[('3ue', 7.0), ('cav', 5.0), ('0fo', 5.0), ('yyj', 5.0), ('hro', 5.0), ('wom', 5.0), ('ayq', 5.0), ('d8d', 5.0)]","[('3ue', 2.0), ('cav', 1.0), ('0fo', 1.0), ('yyj', 1.0), ('hro', 1.0), ('wom', 1.0), ('ayq', 1.0), ('d8d', 2.0)]"
jjt,"['1ey', '1zx', '26o', 'ej8', '5sz', 'yyj']",['ej8'],"['1ey', '1zx', '26o', '5sz', 'yyj']",[],[],[],"[('1ey', 8.0), ('1zx', 8.0), ('26o', 8.0), ('ej8', 7.0), ('5sz', 8.0), ('yyj', 8.0)]","[('1ey', 2.0), ('1zx', 4.0), ('26o', 3.0), ('ej8', 4.0), ('5sz', 3.0), ('yyj', 3.0)]","[('1ey', 2.0), ('1zx', 2.0), ('26o', 2.0), ('ej8', 1.0), ('5sz', 2.0), ('yyj', 2.0)]"
ats,"['yc4', '6nj', 'cos', 'epz']","['yc4', '6nj', 'cos', 'epz']","['6nj', 'cos', 'epz']","['yc4', '6nj', 'cos']","['6nj', 'cos']",[],"[('yc4', 3.0), ('6nj', 4.0), ('cos', 5.0), ('epz', 5.0)]","[('yc4', 3.0), ('6nj', 3.0), ('cos', 4.0), ('epz', 5.0)]","[('yc4', 1.0), ('6nj', 2.0), ('cos', 2.0), ('epz', 2.0)]"
epz,"['cos', 'ats', '6nj']","['cos', 'ats', '6nj']","['cos', 'ats', '6nj']","['cos', 'ats', '6nj']",[],[],"[('cos', 4.0), ('ats', 4.0), ('6nj', 4.0)]","[('cos', 3.0), ('ats', 4.0), ('6nj', 3.0)]","[('cos', 1.0), ('ats', 1.0), ('6nj', 1.0)]"
wep,[],[],[],[],[],[],[],[],[]
hpc,"['tz9', 'ff5']","['tz9', 'ff5']",[],[],[],[],"[('tz9', 4.0), ('ff5', 5.0)]","[('tz9', 1.0), ('ff5', 3.0)]","[('tz9', 1.0), ('ff5', 2.0)]"
1ey,"['klf', 'ayq', '1zx']","['klf', 'ayq', '1zx']",[],[],[],[],"[('klf', 5.0), ('ayq', 2.0), ('1zx', 5.0)]","[('klf', 4.0), ('ayq', 4.0), ('1zx', 4.0)]","[('klf', 1.0), ('ayq', 1.0), ('1zx', 1.0)]"
5or,[],[],[],[],[],[],[],[],[]
f1r,[],[],[],[],[],[],[],[],[]
cuz,"['li1', '2fc']","['li1', '2fc']",['li1'],['li1'],['li1'],[],"[('li1', 3.0), ('2fc', 3.0)]","[('li1', 0.0), ('2fc', 0.0)]","[('li1', 1.0), ('2fc', 0.0)]"
199,"['467', 'zfv']","['467', 'zfv']","['467', 'zfv']",[],"['467', 'zfv']",[],"[('467', 4.0), ('zfv', 3.0)]","[('467', 2.0), ('zfv', 4.0)]","[('467', 1.0), ('zfv', 2.0)]"
vrj,"['5nw', 'rji', 'poi', 'cx9', 'nre', 'n64', '98q']","['5nw', 'poi', 'nre', 'n64', '98q']",[],"['5nw', 'rji', 'poi', 'cx9', 'nre', 'n64', '98q']",[],"['rji', 'cx9']","[('5nw', 5.0), ('rji', 5.0), ('poi', 5.0), ('cx9', 5.0), ('nre', 5.0), ('n64', 5.0), ('98q', 5.0)]","[('5nw', 5.0), ('rji', 5.0), ('poi', 5.0), ('cx9', 5.0), ('nre', 5.0), ('n64', 5.0), ('98q', 5.0)]","[('5nw', 1.0), ('rji', 1.0), ('poi', 1.0), ('cx9', 1.0), ('nre', 1.0), ('n64', 1.0), ('98q', 1.0)]"
gh9,"['dn0', 'j0g']",['dn0'],[],"['dn0', 'j0g']",['dn0'],[],"[('dn0', 8.0), ('j0g', 3.0)]","[('dn0', 6.0), ('j0g', 4.0)]","[('dn0', 1.0), ('j0g', 2.0)]"
z3j,['bf1'],['bf1'],[],[],[],[],"[('bf1', 3.0)]","[('bf1', 5.0)]","[('bf1', 0.0)]"
vhs,"['osf', 'b9u']",[],[],[],[],[],"[('osf', 6.0), ('b9u', 7.0)]","[('osf', 6.0), ('b9u', 4.0)]","[('osf', 1.0), ('b9u', 1.0)]"
5nw,"['cx9', 'nre', 'n64', '98q', 'vrj']","['nre', 'vrj']",[],"['cx9', 'n64', 'vrj']",[],[],"[('cx9', 3.0), ('nre', 5.0), ('n64', 7.0), ('98q', 5.0), ('vrj', 8.0)]","[('cx9', 7.0), ('nre', 0.0), ('n64', 0.0), ('98q', 3.0), ('vrj', 0.0)]",[]
2fc,"['cuz', 'li1']",['cuz'],[],['cuz'],[],[],"[('cuz', 5.0), ('li1', 5.0)]","[('cuz', 7.0), ('li1', 0.0)]","[('cuz', 1.0), ('li1', 1.0)]"
udo,['e30'],[],[],['e30'],[],[],"[('e30', 4.0)]","[('e30', 3.0)]","[('e30', 1.0)]"
15f,"['9c3', 'vkx']",[],[],[],[],[],"[('9c3', 0.0), ('vkx', 0.0)]","[('9c3', 0.0), ('vkx', 0.0)]","[('9c3', 1.0), ('vkx', 2.0)]"
osf,"['vhs', 'b9u', 'fph']",[],[],[],[],[],"[('vhs', 7.0), ('b9u', 7.0), ('fph', 7.0)]","[('vhs', 4.0), ('b9u', 3.0), ('fph', 0.0)]","[('vhs', 1.0), ('b9u', 1.0), ('fph', 2.0)]"
b9u,"['vhs', 'fph', 'osf']",[],"['vhs', 'fph', 'osf']",[],[],[],"[('vhs', 4.0), ('fph', 4.0), ('osf', 4.0)]","[('vhs', 4.0), ('fph', 6.0), ('osf', 3.0)]","[('vhs', 1.0), ('fph', 2.0), ('osf', 1.0)]"
ras,"['poi', 'vpi', 'go4', 'ljz', 'fsu']","['poi', 'vpi', 'go4', 'ljz']","['poi', 'vpi', 'go4', 'ljz', 'fsu']","['poi', 'vpi', 'go4']","['poi', 'vpi', 'go4', 'ljz']",[],"[('poi', 4.0), ('vpi', 3.0), ('go4', 3.0), ('ljz', 5.0), ('fsu', 2.0)]","[('poi', 4.0), ('vpi', 3.0), ('go4', 4.0), ('ljz', 5.0), ('fsu', 0.0)]","[('poi', 1.0), ('vpi', 1.0), ('go4', 1.0), ('ljz', 1.0), ('fsu', 1.0)]"
9c3,['15f'],['15f'],[],[],[],[],"[('15f', 0.0)]","[('15f', 3.0)]","[('15f', 3.0)]"
doe,[],[],[],[],[],[],[],[],[]
20r,"['m80', 'kfs']","['m80', 'kfs']",[],[],[],[],"[('m80', 5.0), ('kfs', 5.0)]","[('m80', 8.0), ('kfs', 4.0)]","[('m80', 1.0), ('kfs', 2.0)]"
hro,"['pfr', 'wom', 'ayq', 'cav', '0fo', 'yyj']","['pfr', 'wom', 'ayq', 'cav', '0fo', 'yyj']","['pfr', 'wom', 'ayq', 'cav', '0fo', 'yyj']","['pfr', 'wom', 'ayq', 'cav', '0fo', 'yyj']","['ayq', '0fo']",[],"[('pfr', 1.0), ('wom', 1.0), ('ayq', 1.0), ('cav', 1.0), ('0fo', 1.0), ('yyj', 1.0)]","[('pfr', 4.0), ('wom', 5.0), ('ayq', 2.0), ('cav', 3.0), ('0fo', 4.0), ('yyj', 3.0)]","[('pfr', 1.0), ('wom', 1.0), ('ayq', 1.0), ('cav', 1.0), ('0fo', 1.0), ('yyj', 1.0)]"
tuf,"['pr2', 'fle', '6b9', 'cx9']","['pr2', '6b9']","['pr2', '6b9']","['pr2', 'fle', '6b9', 'cx9']",[],[],"[('pr2', 5.0), ('fle', 7.0), ('6b9', 3.0), ('cx9', 6.0)]","[('pr2', 2.0), ('fle', 2.0), ('6b9', 2.0), ('cx9', 2.0)]","[('pr2', 1.0), ('fle', 2.0), ('6b9', 1.0), ('cx9', 3.0)]"
4aw,"['9vw', '95j']","['9vw', '95j']",[],[],[],[],"[('9vw', 5.0), ('95j', 5.0)]","[('9vw', 6.0), ('95j', 6.0)]","[('9vw', 1.0), ('95j', 1.0)]"
dn0,"['gh9', 'qdi']",['gh9'],['gh9'],"['gh9', 'qdi']",['gh9'],[],"[('gh9', 8.0), ('qdi', 5.0)]","[('gh9', 7.0), ('qdi', 4.0)]",[]
wom,"['cav', 'yyj', 'hro', 'ayq', 'pfr', '0fo']","['cav', 'yyj', 'hro', 'ayq', 'pfr', '0fo']","['cav', 'yyj', 'hro', 'ayq', 'pfr', '0fo']","['cav', 'yyj', 'hro', 'ayq', 'pfr', '0fo']",[],[],"[('cav', 1.0), ('yyj', 1.0), ('hro', 1.0), ('ayq', 1.0), ('pfr', 1.0), ('0fo', 1.0)]","[('cav', 4.0), ('yyj', 4.0), ('hro', 4.0), ('ayq', 4.0), ('pfr', 4.0), ('0fo', 4.0)]","[('cav', 1.0), ('yyj', 1.0), ('hro', 1.0), ('ayq', 1.0), ('pfr', 1.0), ('0fo', 1.0)]"
z63,['qcm'],['qcm'],[],['qcm'],[],[],"[('qcm', 2.0)]","[('qcm', 6.0)]","[('qcm', 1.0)]"
685,"['3rt', 'it8', 'i9d', '7mf']","['3rt', 'it8', 'i9d', '7mf']",[],[],[],[],"[('3rt', 3.0), ('it8', 7.0), ('i9d', 3.0), ('7mf', 4.0)]","[('3rt', 4.0), ('it8', 5.0), ('i9d', 5.0), ('7mf', 5.0)]","[('3rt', 1.0), ('it8', 2.0), ('i9d', 1.0), ('7mf', 1.0)]"
zfv,"['rji', 'u5b', '7mf', '3rt', 'i9d', 'cav']","['rji', 'u5b', '7mf', '3rt', 'i9d', 'cav']",['cav'],"['i9d', 'cav']",[],[],"[('rji', 5.0), ('u5b', 5.0), ('7mf', 4.0), ('3rt', 4.0), ('i9d', 4.0), ('cav', 3.0)]","[('rji', 5.0), ('u5b', 4.0), ('7mf', 5.0), ('3rt', 4.0), ('i9d', 4.0), ('cav', 5.0)]","[('rji', 1.0), ('u5b', 1.0), ('7mf', 2.0), ('3rt', 2.0), ('i9d', 2.0), ('cav', 3.0)]"
8st,[],[],[],[],[],[],[],[],[]
fzt,['twg'],['twg'],[],[],[],[],"[('twg', 2.0)]","[('twg', 4.0)]","[('twg', 1.0)]"
twg,['fzt'],['fzt'],[],[],[],[],"[('fzt', 1.0)]","[('fzt', 5.0)]","[('fzt', 1.0)]"
9jr,"['8lm', '3dg', 'joy', 'm7x', 'om3']","['8lm', '3dg', 'joy']",[],['8lm'],[],[],"[('8lm', 4.0), ('3dg', 2.0), ('joy', 3.0), ('m7x', 4.0), ('om3', 4.0)]","[('8lm', 6.0), ('3dg', 5.0), ('joy', 5.0), ('m7x', 6.0), ('om3', 6.0)]","[('8lm', 1.0), ('3dg', 1.0), ('joy', 2.0), ('m7x', 3.0), ('om3', 3.0)]"
8bz,"['kq7', 'g8f']","['kq7', 'g8f']",[],[],[],[],"[('kq7', 4.0), ('g8f', 4.0)]","[('kq7', 0.0), ('g8f', 0.0)]","[('kq7', 1.0), ('g8f', 2.0)]"
87a,['is2'],['is2'],[],[],[],[],"[('is2', 1.0)]","[('is2', 3.0)]","[('is2', 1.0)]"
vbh,[],[],[],[],[],[],[],[],[]
8lm,"['3dg', '9jr', 'm7x', 'om3', 'joy']","['3dg', '9jr', 'm7x']",[],['9jr'],[],[],"[('3dg', 1.0), ('9jr', 2.0), ('m7x', 3.0), ('om3', 3.0), ('joy', 4.0)]","[('3dg', 5.0), ('9jr', 5.0), ('m7x', 4.0), ('om3', 4.0), ('joy', 6.0)]","[('3dg', 1.0), ('9jr', 1.0), ('m7x', 2.0), ('om3', 2.0), ('joy', 3.0)]"
3s1,"['44p', 'qdi', '1cb', 'cx9']","['44p', 'qdi', '1cb']","['44p', 'qdi', '1cb', 'cx9']","['44p', 'qdi', '1cb']","['qdi', '1cb', 'cx9']",[],"[('44p', 5.0), ('qdi', 5.0), ('1cb', 3.0), ('cx9', 6.0)]","[('44p', 1.0), ('qdi', 3.0), ('1cb', 3.0), ('cx9', 2.0)]","[('44p', 1.0), ('qdi', 1.0), ('1cb', 1.0), ('cx9', 1.0)]"
m7x,"['8lm', '3dg', 'om3', 'yc4']","['8lm', 'om3', 'yc4']",['3dg'],[],[],[],"[('8lm', 4.0), ('3dg', 4.0), ('om3', 4.0), ('yc4', 4.0)]","[('8lm', 3.0), ('3dg', 3.0), ('om3', 3.0), ('yc4', 3.0)]","[('8lm', 3.0), ('3dg', 2.0), ('om3', 1.0), ('yc4', 1.0)]"
e30,"['udo', 'm80']",[],['m80'],['udo'],[],[],"[('udo', 4.0), ('m80', 4.0)]","[('udo', 4.0), ('m80', 8.0)]","[('udo', 1.0), ('m80', 1.0)]"
26o,"['bty', '1ey', 'yyj', 'jjt', '1uq', '5sz', 'ej8', '1zx', '4w0', 'ayq']","['bty', '1ey', 'yyj', 'jjt', '1uq', '5sz', 'ej8', '1zx', '4w0', 'ayq']","['bty', '1zx', '4w0']","['bty', '1zx', '4w0']","['bty', '1zx', '4w0']",[],"[('bty', 7.0), ('1ey', 8.0), ('yyj', 6.0), ('jjt', 3.0), ('1uq', 5.0), ('5sz', 7.0), ('ej8', 0.0), ('1zx', 6.0), ('4w0', 4.0), ('ayq', 7.0)]","[('bty', 3.0), ('1ey', 9.0), ('yyj', 2.0), ('jjt', 7.0), ('1uq', 8.0), ('5sz', 4.0), ('ej8', 6.0), ('1zx', 4.0), ('4w0', 4.0), ('ayq', 1.0)]","[('bty', 1.0), ('1ey', 2.0), ('yyj', 2.0), ('jjt', 1.0), ('1uq', 2.0), ('5sz', 2.0), ('ej8', 2.0), ('1zx', 1.0), ('4w0', 1.0), ('ayq', 2.0)]"
6qi,[],[],[],[],[],[],[],[],[]
4og,"['e8i', 'poi', 'erw', 'fle', 'f7n', '2wb', 'ty0', 'iy3', 'pdp', 'zit']","['e8i', 'poi', 'erw', 'fle', 'f7n', '2wb']",[],"['e8i', 'poi', 'erw', 'fle', 'f7n', '2wb']",[],[],"[('e8i', 3.0), ('poi', 0.0), ('erw', 3.0), ('fle', 7.0), ('f7n', 4.0), ('2wb', 6.0), ('ty0', 0.0), ('iy3', 0.0), ('pdp', 0.0), ('zit', 0.0)]","[('e8i', 2.0), ('poi', 0.0), ('erw', 2.0), ('fle', 4.0), ('f7n', 2.0), ('2wb', 2.0), ('ty0', 0.0), ('iy3', 0.0), ('pdp', 0.0), ('zit', 0.0)]","[('e8i', 1.0), ('poi', 1.0), ('erw', 1.0), ('fle', 1.0), ('f7n', 1.0), ('2wb', 1.0)]"
0v6,['4z1'],['4z1'],['4z1'],['4z1'],['4z1'],[],"[('4z1', 5.0)]","[('4z1', 5.0)]","[('4z1', 1.0)]"
i8x,['n64'],['n64'],[],['n64'],[],[],"[('n64', 6.0)]","[('n64', 3.0)]","[('n64', 1.0)]"
vpi,"['poi', 'ras', 'ljz', 'go4', 'fsu']","['poi', 'ras', 'ljz', 'go4', 'fsu']","['poi', 'ras', 'ljz', 'go4']","['poi', 'ras', 'ljz', 'go4', 'fsu']","['poi', 'ras', 'ljz', 'go4']",[],"[('poi', 3.0), ('ras', 3.0), ('ljz', 3.0), ('go4', 3.0), ('fsu', 4.0)]","[('poi', 5.0), ('ras', 5.0), ('ljz', 4.0), ('go4', 4.0), ('fsu', 5.0)]","[('poi', 1.0), ('ras', 1.0), ('ljz', 1.0), ('go4', 1.0), ('fsu', 1.0)]"
f07,"['klf', 'hyf', 'msn']","['klf', 'hyf', 'msn']","['klf', 'hyf']","['hyf', 'msn']",[],['klf'],"[('klf', 7.0), ('hyf', 7.0), ('msn', 4.0)]","[('klf', 7.0), ('hyf', 2.0), ('msn', 5.0)]","[('klf', 1.0), ('hyf', 2.0), ('msn', 1.0)]"
it8,"['3rt', '685', '7mf']",['685'],[],"['3rt', '7mf']",[],[],"[('3rt', 3.0), ('685', 5.0), ('7mf', 3.0)]","[('3rt', 4.0), ('685', 5.0), ('7mf', 5.0)]","[('3rt', 1.0), ('685', 1.0), ('7mf', 1.0)]"
go4,"['poi', 'vpi', 'ras', 'ljz', 'fsu', 'uqn']","['poi', 'vpi', 'ras', 'ljz', 'fsu', 'uqn']","['vpi', 'ras']","['poi', 'vpi', 'ras', 'ljz', 'fsu', 'uqn']","['poi', 'vpi', 'ras', 'ljz']",[],"[('poi', 0.0), ('vpi', 0.0), ('ras', 0.0), ('ljz', 0.0), ('fsu', 0.0), ('uqn', 0.0)]","[('poi', 3.0), ('vpi', 4.0), ('ras', 3.0), ('ljz', 3.0), ('fsu', 3.0), ('uqn', 4.0)]","[('poi', 1.0), ('vpi', 1.0), ('ras', 1.0), ('ljz', 1.0), ('fsu', 1.0), ('uqn', 1.0)]"
yby,[],[],[],[],[],[],[],[],[]
4z1,['0v6'],['0v6'],['0v6'],[],['0v6'],[],"[('0v6', 3.0)]","[('0v6', 3.0)]","[('0v6', 1.0)]"
h3h,"['u5b', 'i9d', '30d', 'oae', 'rji', 'poi', 'cx9', 'nre', 'n64', '8ke', 'bjp', 'l7r']","['u5b', 'i9d', '30d', 'rji', 'cx9', 'nre', 'n64', '8ke', 'bjp', 'l7r']",[],"['oae', 'poi']",[],[],"[('u5b', 0.0), ('i9d', 0.0), ('30d', 0.0), ('oae', 0.0), ('rji', 0.0), ('poi', 0.0), ('cx9', 0.0), ('nre', 0.0), ('n64', 0.0), ('8ke', 0.0), ('bjp', 0.0), ('l7r', 0.0)]","[('u5b', 4.0), ('i9d', 4.0), ('30d', 3.0), ('oae', 3.0), ('rji', 4.0), ('poi', 0.0), ('cx9', 3.0), ('nre', 3.0), ('n64', 3.0), ('8ke', 2.0), ('bjp', 4.0), ('l7r', 4.0)]","[('u5b', 1.0), ('i9d', 1.0), ('30d', 1.0), ('oae', 1.0), ('rji', 1.0), ('poi', 2.0), ('cx9', 2.0), ('nre', 2.0), ('n64', 2.0), ('8ke', 1.0), ('bjp', 1.0), ('l7r', 1.0)]"
9sx,[],[],[],[],[],[],[],[],[]
pkl,"['oae', 'zme']",['oae'],[],[],[],[],"[('oae', 7.0), ('zme', 7.0)]","[('oae', 5.0), ('zme', 5.0)]","[('oae', 1.0), ('zme', 1.0)]"
0dz,[],[],[],[],[],[],[],[],[]
jne,[],[],[],[],[],[],[],[],[]
zme,"['oae', 'pkl']",['oae'],[],[],"['oae', 'pkl']",['oae'],"[('oae', 6.0), ('pkl', 6.0)]","[('oae', 6.0), ('pkl', 4.0)]","[('oae', 12.0), ('pkl', 2.0)]"
bjp,"['cx9', 'rji', '8ke', 'l7r', 'u5b']","['cx9', 'rji', '8ke', 'l7r', 'u5b']",[],['l7r'],[],[],"[('cx9', 7.0), ('rji', 8.0), ('8ke', 4.0), ('l7r', 9.0), ('u5b', 6.0)]","[('cx9', 4.0), ('rji', 3.0), ('l7r', 3.0), ('u5b', 4.0)]","[('cx9', 2.0), ('rji', 1.0), ('8ke', 1.0), ('l7r', 1.0), ('u5b', 1.0)]"
zit,"['pdp', 'fle', 'w10', 't6m', '3ue', '6t0', 'c38', '07h', '5or', '2g7', 'j0g', 'w9x', 'xfz', 'gd8']","['pdp', 'fle', 'w10', 't6m', '3ue', '6t0', 'c38', '07h', '5or', '2g7', 'j0g', 'w9x', 'xfz', 'gd8']","['fle', '2g7', 'j0g', 'w9x', 'xfz']","['2g7', 'j0g', 'w9x', 'gd8']","['j0g', 'xfz']",[],"[('pdp', 0.0), ('fle', 5.0), ('w10', 0.0), ('t6m', 0.0), ('3ue', 0.0), ('6t0', 0.0), ('c38', 0.0), ('07h', 0.0), ('5or', 6.0), ('2g7', 5.0), ('j0g', 3.0), ('w9x', 2.0), ('xfz', 6.0), ('gd8', 7.0)]","[('pdp', 0.0), ('fle', 5.0), ('w10', 0.0), ('t6m', 0.0), ('3ue', 0.0), ('6t0', 0.0), ('c38', 0.0), ('07h', 0.0), ('5or', 0.0), ('2g7', 5.0), ('j0g', 4.0), ('w9x', 5.0), ('xfz', 6.0), ('gd8', 5.0)]","[('pdp', 3.0), ('fle', 1.0), ('w10', 2.0), ('t6m', 2.0), ('3ue', 2.0), ('6t0', 2.0), ('c38', 3.0), ('07h', 3.0), ('5or', 3.0), ('2g7', 1.0), ('j0g', 1.0), ('w9x', 1.0), ('xfz', 1.0), ('gd8', 1.0)]"
e6v,"['6vf', '98q', 'n64']",['6vf'],[],['6vf'],[],[],"[('6vf', 0.0), ('98q', 0.0), ('n64', 0.0)]","[('6vf', 7.0), ('98q', 4.0), ('n64', 3.0)]","[('6vf', 1.0), ('98q', 2.0), ('n64', 2.0)]"
2wb,"['f7n', 'e8i', 'poi', '4og', 'erw', 'iy3', 'pdp']","['f7n', 'e8i', 'poi', '4og', 'erw', 'iy3', 'pdp']","['f7n', 'e8i', 'poi', '4og', 'erw']","['f7n', 'e8i', 'poi', '4og', 'erw', 'iy3', 'pdp']",[],[],"[('f7n', 1.0), ('e8i', 1.0), ('poi', 1.0), ('4og', 1.0), ('erw', 1.0), ('iy3', 1.0), ('pdp', 1.0)]","[('f7n', 3.0), ('e8i', 4.0), ('poi', 4.0), ('4og', 4.0), ('erw', 3.0), ('iy3', 3.0), ('pdp', 1.0)]","[('f7n', 1.0), ('e8i', 1.0), ('poi', 2.0), ('4og', 1.0), ('erw', 1.0), ('iy3', 2.0), ('pdp', 2.0)]"
40m,[],[],[],[],[],[],[],[],[]
wto,"['7w1', 'r3x']","['7w1', 'r3x']",[],[],[],[],"[('7w1', 8.0), ('r3x', 8.0)]","[('7w1', 2.0), ('r3x', 3.0)]","[('7w1', 1.0), ('r3x', 1.0)]"
7w1,"['r3x', 'wto', 'qip']","['r3x', 'wto', 'qip']","['r3x', 'wto', 'qip']","['r3x', 'wto', 'qip']","['r3x', 'wto', 'qip']","['r3x', 'wto', 'qip']","[('r3x', 6.0), ('wto', 6.0), ('qip', 6.0)]","[('r3x', 3.0), ('wto', 3.0), ('qip', 3.0)]","[('r3x', 1.0), ('wto', 1.0), ('qip', 1.0)]"
ff5,['tz9'],['tz9'],['tz9'],['tz9'],['tz9'],['tz9'],"[('tz9', 4.0)]","[('tz9', 5.0)]","[('tz9', 1.0)]"
zda,"['pdp', 'iy3', 'f07']","['pdp', 'iy3', 'f07']",[],[],[],[],"[('pdp', 4.0), ('iy3', 4.0), ('f07', 2.0)]","[('pdp', 2.0), ('iy3', 3.0), ('f07', 4.0)]","[('pdp', 1.0), ('iy3', 1.0), ('f07', 2.0)]"
1a7,"['8ke', '3z0', '98q']",[],[],[],['3z0'],['8ke'],"[('8ke', 4.0), ('3z0', 6.0), ('98q', 5.0)]","[('8ke', 4.0), ('3z0', 5.0), ('98q', 0.0)]","[('8ke', 1.0), ('3z0', 1.0), ('98q', 2.0)]"
1zx,"['bty', '1ey', 'klf', '4w0', 'yyj', 'jjt', '1uq', '5sz', 'ej8', '26o', 'ayq']","['bty', '4w0', 'yyj', 'ej8', '26o', 'ayq']","['bty', '4w0', '26o']","['bty', '4w0']","['bty', '4w0', 'yyj', '26o', 'ayq']",[],"[('bty', 6.0), ('1ey', 7.0), ('klf', 6.0), ('4w0', 4.0), ('yyj', 5.0), ('jjt', 8.0), ('1uq', 9.0), ('5sz', 8.0), ('ej8', 8.0), ('26o', 4.0), ('ayq', 7.0)]","[('bty', 2.0), ('1ey', 5.0), ('klf', 0.0), ('4w0', 4.0), ('yyj', 2.0), ('jjt', 0.0), ('1uq', 0.0), ('5sz', 5.0), ('ej8', 2.0), ('26o', 3.0), ('ayq', 2.0)]","[('bty', 1.0), ('1ey', 2.0), ('klf', 2.0), ('4w0', 1.0), ('yyj', 1.0), ('jjt', 2.0), ('1uq', 2.0), ('5sz', 2.0), ('ej8', 1.0), ('26o', 1.0), ('ayq', 1.0)]"
iqk,"['msn', '8fi', 'qlq', 'ol7']","['msn', '8fi', 'qlq', 'ol7']","['msn', '8fi', 'qlq', 'ol7']",['msn'],"['msn', '8fi', 'qlq', 'ol7']",[],"[('msn', 3.0), ('8fi', 3.0), ('qlq', 3.0), ('ol7', 3.0)]","[('msn', 4.0), ('8fi', 4.0), ('qlq', 4.0), ('ol7', 4.0)]","[('msn', 1.0), ('8fi', 1.0), ('qlq', 1.0), ('ol7', 1.0)]"
k8p,"['yo0', '39j', 'gpm', 'vja']","['gpm', 'vja']","['39j', 'gpm']","['gpm', 'vja']","['yo0', '39j']",[],"[('yo0', 4.0), ('39j', 4.0), ('gpm', 4.0), ('vja', 5.0)]","[('yo0', 7.0), ('39j', 2.0), ('gpm', 4.0), ('vja', 4.0)]","[('yo0', 1.0), ('39j', 1.0), ('gpm', 1.0), ('vja', 1.0)]"
fyg,[],[],[],[],[],[],[],[],[]
w9x,"['joy', 'hxt', 'fno', 'g52', 'zit', 'fle', 'gd8', '2g7', 'j0g']","['joy', 'g52', 'j0g']",['joy'],['j0g'],[],"['zit', 'fle', 'gd8', '2g7', 'j0g']","[('joy', 2.0), ('hxt', 4.0), ('fno', 4.0), ('g52', 5.0), ('zit', 5.0), ('fle', 4.0), ('gd8', 4.0), ('2g7', 5.0), ('j0g', 3.0)]","[('joy', 0.0), ('hxt', 0.0), ('fno', 0.0), ('g52', 0.0), ('zit', 0.0), ('fle', 0.0), ('gd8', 0.0), ('2g7', 0.0), ('j0g', 3.0)]","[('joy', 1.0), ('hxt', 1.0), ('fno', 1.0), ('g52', 1.0), ('zit', 2.0), ('fle', 2.0), ('gd8', 2.0), ('2g7', 2.0), ('j0g', 2.0)]"
ljz,"['poi', 'vpi', 'ras', 'go4', 'fsu', 'wep']","['poi', 'vpi', 'ras', 'go4', 'fsu', 'wep']","['poi', 'vpi', 'ras', 'go4', 'fsu']","['poi', 'vpi', 'ras', 'go4', 'fsu', 'wep']","['poi', 'vpi', 'ras', 'go4', 'wep']",[],"[('poi', 6.0), ('vpi', 3.0), ('ras', 5.0), ('go4', 4.0), ('fsu', 5.0), ('wep', 5.0)]","[('poi', 5.0), ('vpi', 5.0), ('ras', 5.0), ('go4', 4.0), ('fsu', 5.0), ('wep', 5.0)]","[('poi', 1.0), ('vpi', 1.0), ('ras', 1.0), ('go4', 1.0), ('fsu', 1.0), ('wep', 2.0)]"
v0p,"['n3q', 'tmy', '7a9']","['n3q', '7a9']",[],[],[],"['n3q', 'tmy', '7a9']","[('n3q', 5.0), ('tmy', 2.0), ('7a9', 11.0)]","[('n3q', 6.0), ('tmy', 5.0), ('7a9', 6.0)]","[('n3q', 1.0), ('tmy', 2.0), ('7a9', 1.0)]"
58c,"['xfz', 'x27']",['xfz'],"['xfz', 'x27']","['xfz', 'x27']",['xfz'],[],"[('xfz', 5.0), ('x27', 5.0)]","[('xfz', 3.0), ('x27', 4.0)]","[('xfz', 1.0), ('x27', 1.0)]"
8mx,"['yvz', 'cx9']",['yvz'],"['yvz', 'cx9']",['yvz'],"['yvz', 'cx9']",['yvz'],"[('yvz', 7.0), ('cx9', 0.0)]","[('yvz', 1.0), ('cx9', 3.0)]","[('yvz', 1.0), ('cx9', 1.0)]"
ak1,[],[],[],[],[],[],[],[],[]
fle,"['zit', 'xfz', 'j0g', '2g7', 'erw', '4og', 'e8i']","['zit', 'xfz', 'j0g', '2g7', 'erw', '4og', 'e8i']","['zit', 'xfz', 'j0g', '2g7', 'erw', '4og', 'e8i']","['zit', 'j0g', 'erw']",[],[],"[('zit', 5.0), ('xfz', 5.0), ('j0g', 3.0), ('2g7', 2.0), ('erw', 6.0), ('4og', 3.0), ('e8i', 4.0)]","[('zit', 3.0), ('xfz', 4.0), ('j0g', 3.0), ('2g7', 5.0), ('erw', 2.0), ('4og', 3.0), ('e8i', 2.0)]","[('zit', 1.0), ('xfz', 1.0), ('j0g', 1.0), ('2g7', 1.0), ('erw', 2.0), ('4og', 2.0), ('e8i', 2.0)]"
bty,"['1ey', 'jjt', '1uq', '5sz', 'ej8', '26o', '1zx', 'ayq', '4w0']","['1ey', 'jjt', '1uq', '5sz', 'ej8', '26o', '1zx', 'ayq', '4w0']","['1uq', '26o', '4w0']","['1ey', '26o', '4w0']","['1ey', '5sz', '26o', 'ayq', '4w0']",[],"[('1ey', 4.0), ('jjt', 8.0), ('1uq', 8.0), ('5sz', 8.0), ('ej8', 8.0), ('26o', 8.0), ('1zx', 8.0), ('ayq', 6.0), ('4w0', 6.0)]","[('1ey', 7.0), ('jjt', 4.0), ('1uq', 5.0), ('5sz', 4.0), ('ej8', 4.0), ('26o', 5.0), ('1zx', 6.0), ('ayq', 4.0), ('4w0', 5.0)]","[('1ey', 2.0), ('jjt', 2.0), ('1uq', 2.0), ('5sz', 2.0), ('ej8', 2.0), ('26o', 1.0), ('1zx', 1.0), ('ayq', 1.0), ('4w0', 1.0)]"
svh,"['fsu', '8yu', '5nw']",[],[],[],[],"['fsu', '8yu', '5nw']","[('fsu', 5.0), ('8yu', 5.0), ('5nw', 6.0)]","[('fsu', 4.0), ('8yu', 6.0), ('5nw', 5.0)]","[('fsu', 1.0), ('8yu', 2.0), ('5nw', 3.0)]"
aq6,"['qip', 'cx9', 'r3x', 'qdi', '7w1']","['qip', 'r3x', 'qdi', '7w1']",['qip'],"['qip', 'r3x']","['qip', 'cx9', 'r3x', 'qdi', '7w1']",[],"[('qip', 4.0), ('cx9', 5.0), ('r3x', 5.0), ('qdi', 4.0), ('7w1', 5.0)]","[('qip', 4.0), ('cx9', 5.0), ('r3x', 3.0), ('qdi', 3.0), ('7w1', 3.0)]","[('qip', 1.0), ('cx9', 1.0), ('r3x', 1.0), ('qdi', 1.0), ('7w1', 1.0)]"
tz9,['ff5'],['ff5'],[],['ff5'],['ff5'],[],"[('ff5', 1.0)]","[('ff5', 4.0)]","[('ff5', 1.0)]"
4w0,"['yyj', '1ey', 'klf', 'bty', 'jjt', 'ej8', '5sz', '1uq', '26o', '1zx', 'ayq']","['yyj', '1ey', 'klf', 'bty', 'jjt', 'ej8', '5sz', '1uq', '26o', '1zx', 'ayq']","['bty', '26o', '1zx']","['yyj', 'klf', 'bty', 'jjt', 'ej8', '5sz', '1uq', '26o', '1zx', 'ayq']","['yyj', '1ey', '26o']",[],"[('yyj', 0.0), ('1ey', 0.0), ('klf', 0.0), ('bty', 6.0), ('jjt', 0.0), ('ej8', 0.0), ('5sz', 0.0), ('1uq', 0.0), ('26o', 4.0), ('1zx', 5.0), ('ayq', 0.0)]","[('yyj', 3.0), ('1ey', 8.0), ('klf', 7.0), ('bty', 4.0), ('jjt', 5.0), ('ej8', 3.0), ('5sz', 7.0), ('1uq', 8.0), ('26o', 4.0), ('1zx', 4.0), ('ayq', 3.0)]","[('yyj', 2.0), ('1ey', 2.0), ('klf', 2.0), ('bty', 1.0), ('jjt', 2.0), ('ej8', 2.0), ('5sz', 2.0), ('1uq', 2.0), ('26o', 1.0), ('1zx', 1.0), ('ayq', 2.0)]"
yyj,"['ayq', '1ey', 'jjt', 'bty', 'wom', 'hro', 'cav', '0fo', 'pfr', '5sz', '1uq', '1zx', '26o', 'ej8']","['ayq', 'bty', 'wom', 'hro', 'cav', '0fo', 'pfr', '1zx', '26o']","['ayq', 'wom', 'hro', 'pfr', '5sz']","['ayq', 'hro']","['ayq', 'bty', 'wom', 'hro', 'pfr']","['ayq', '1ey', 'jjt', 'bty', '5sz', '1uq', '1zx', '26o', 'ej8']","[('ayq', 2.0), ('1ey', 4.0), ('jjt', 9.0), ('bty', 7.0), ('wom', 3.0), ('hro', 4.0), ('cav', 4.0), ('0fo', 4.0), ('pfr', 5.0), ('5sz', 6.0), ('1uq', 9.0), ('1zx', 6.0), ('26o', 10.0), ('ej8', 7.0)]","[('ayq', 2.0), ('1ey', 5.0), ('jjt', 0.0), ('bty', 3.0), ('wom', 6.0), ('hro', 5.0), ('cav', 4.0), ('0fo', 5.0), ('pfr', 0.0), ('5sz', 8.0), ('1uq', 6.0), ('1zx', 6.0), ('26o', 4.0), ('ej8', 6.0)]","[('ayq', 1.0), ('1ey', 1.0), ('jjt', 1.0), ('bty', 1.0), ('wom', 2.0), ('hro', 2.0), ('cav', 2.0), ('0fo', 2.0), ('pfr', 2.0), ('5sz', 1.0), ('1uq', 1.0), ('1zx', 1.0), ('26o', 1.0), ('ej8', 1.0)]"
x27,"['00v', 'xfz', '58c']","['00v', 'xfz', '58c']",[],"['00v', 'xfz', '58c']",[],[],"[('00v', 8.0), ('xfz', 5.0), ('58c', 7.0)]","[('00v', 7.0), ('xfz', 3.0), ('58c', 5.0)]","[('00v', 1.0), ('xfz', 2.0), ('58c', 2.0)]"
y03,['mtz'],['mtz'],[],[],['mtz'],[],"[('mtz', 7.0)]","[('mtz', 6.0)]","[('mtz', 1.0)]"
erw,"['4og', 'poi', 'fle', 'e8i', 'f7n', 'ty0', '2wb', 'zit', 'iy3', 'pdp']","['4og', 'poi', 'fle', 'e8i', 'f7n', '2wb', 'zit', 'iy3', 'pdp']","['4og', 'e8i', 'f7n']","['4og', 'e8i', 'f7n', '2wb']","['4og', 'fle', 'e8i', 'f7n', '2wb']",['4og'],"[('4og', 4.0), ('poi', 2.0), ('fle', 7.0), ('e8i', 3.0), ('f7n', 4.0), ('2wb', 4.0), ('zit', 2.0), ('iy3', 3.0), ('pdp', 2.0)]","[('4og', 2.0), ('poi', 3.0), ('fle', 3.0), ('e8i', 2.0), ('f7n', 2.0), ('ty0', 3.0), ('2wb', 2.0), ('zit', 3.0), ('iy3', 3.0), ('pdp', 3.0)]","[('4og', 1.0), ('poi', 1.0), ('fle', 1.0), ('e8i', 1.0), ('f7n', 1.0), ('ty0', 2.0), ('2wb', 1.0), ('zit', 3.0), ('iy3', 4.0), ('pdp', 5.0)]"
klf,"['bty', 'f07', 'msn', 'yyj', '1uq', '26o', '1zx', '5sz', 'ayq', '1ey', 'ej8']","['bty', 'f07', 'msn', 'yyj', '1uq', '26o', '1zx', '5sz', 'ayq', '1ey', 'ej8']",['f07'],"['bty', '26o', 'ej8']",[],['f07'],"[('bty', 4.0), ('f07', 6.0), ('msn', 3.0), ('yyj', 9.0), ('1uq', 5.0), ('26o', 3.0), ('1zx', 3.0), ('5sz', 3.0), ('ayq', 7.0), ('1ey', 4.0), ('ej8', 6.0)]","[('bty', 3.0), ('f07', 2.0), ('msn', 3.0), ('yyj', 3.0), ('1uq', 5.0), ('26o', 4.0), ('1zx', 5.0), ('5sz', 4.0), ('ayq', 2.0), ('1ey', 6.0), ('ej8', 6.0)]","[('bty', 1.0), ('f07', 2.0), ('msn', 2.0), ('yyj', 1.0), ('1uq', 1.0), ('26o', 1.0), ('1zx', 1.0), ('5sz', 1.0), ('ayq', 1.0), ('1ey', 1.0), ('ej8', 1.0)]"
yvz,"['2g7', '8mx', 'cx9']","['2g7', '8mx', 'cx9']",['8mx'],['8mx'],"['8mx', 'cx9']",['8mx'],"[('2g7', 0.0), ('8mx', 3.0), ('cx9', 7.0)]","[('2g7', 4.0), ('8mx', 1.0), ('cx9', 3.0)]","[('2g7', 2.0), ('8mx', 1.0), ('cx9', 1.0)]"
pgw,['2hp'],['2hp'],[],[],[],[],"[('2hp', 5.0)]","[('2hp', 5.0)]","[('2hp', 2.0)]"
mtz,['y03'],['y03'],[],[],['y03'],[],"[('y03', 5.0)]","[('y03', 4.0)]","[('y03', 1.0)]"
9im,[],[],[],[],[],[],[],[],[]
44p,"['qip', 'qdi', 'cx9', '1cb', '3s1']","['qip', 'qdi', 'cx9', '1cb', '3s1']","['qip', 'qdi', 'cx9', '1cb', '3s1']","['qip', 'qdi', '1cb', '3s1']","['qip', 'qdi', 'cx9', '1cb', '3s1']",[],"[('qip', 6.0), ('qdi', 3.0), ('cx9', 4.0), ('1cb', 3.0), ('3s1', 3.0)]","[('qip', 5.0), ('qdi', 3.0), ('cx9', 2.0), ('1cb', 3.0), ('3s1', 3.0)]","[('qip', 1.0), ('qdi', 1.0), ('cx9', 1.0), ('1cb', 1.0), ('3s1', 1.0)]"
vkx,['15f'],['15f'],[],[],[],[],"[('15f', 7.0)]","[('15f', 7.0)]","[('15f', 8.0)]"
f4b,['1cb'],[],[],[],[],[],"[('1cb', 3.0)]","[('1cb', 3.0)]",[]
n64,"['hyf', 'nre', '98q', 'i8x', 'r9o', 'vrj', 'cx9']","['hyf', 'nre', '98q', 'i8x', 'r9o', 'vrj', 'cx9']",[],[],[],[],"[('hyf', 0.0), ('nre', 0.0), ('98q', 0.0), ('i8x', 0.0), ('r9o', 0.0), ('vrj', 0.0), ('cx9', 0.0)]","[('hyf', 4.0), ('nre', 4.0), ('98q', 4.0), ('i8x', 4.0), ('r9o', 4.0), ('vrj', 4.0), ('cx9', 4.0)]","[('hyf', 1.0), ('nre', 1.0), ('98q', 1.0), ('i8x', 4.0), ('r9o', 2.0), ('vrj', 0.0), ('cx9', 3.0)]"
2hp,['pgw'],['pgw'],[],[],[],[],"[('pgw', 5.0)]","[('pgw', 3.0)]","[('pgw', 1.0)]"
jed,['8ql'],['8ql'],[],[],[],[],"[('8ql', 4.0)]","[('8ql', 2.0)]","[('8ql', 1.0)]"
qcm,['z63'],['z63'],[],['z63'],[],[],"[('z63', 1.0)]","[('z63', 6.0)]","[('z63', 1.0)]"
00v,"['x27', 'xfz', '58c']","['x27', 'xfz', '58c']",[],[],[],[],"[('x27', 6.0), ('xfz', 2.0), ('58c', 0.0)]","[('x27', 5.0), ('xfz', 3.0), ('58c', 5.0)]","[('x27', 1.0), ('xfz', 1.0), ('58c', 1.0)]"
8fi,"['msn', 'qlq', 'iqk', 'ol7']","['msn', 'qlq', 'iqk', 'ol7']","['msn', 'qlq', 'iqk', 'ol7']","['msn', 'ol7']","['msn', 'qlq', 'iqk', 'ol7']",[],"[('msn', 5.0), ('qlq', 4.0), ('iqk', 5.0), ('ol7', 5.0)]","[('msn', 5.0), ('qlq', 6.0), ('iqk', 5.0), ('ol7', 3.0)]","[('msn', 1.0), ('qlq', 1.0), ('iqk', 1.0), ('ol7', 1.0)]"
3dg,"['8lm', '9jr', 'm7x', 'om3']","['8lm', '9jr']",[],[],[],[],"[('8lm', 4.0), ('9jr', 4.0), ('m7x', 4.0), ('om3', 4.0)]","[('8lm', 4.0), ('9jr', 6.0), ('m7x', 5.0), ('om3', 5.0)]","[('8lm', 1.0), ('9jr', 1.0), ('m7x', 2.0), ('om3', 3.0)]"
88o,"['cwn', 'oi6']",['cwn'],[],"['cwn', 'oi6']","['cwn', 'oi6']",['cwn'],"[('cwn', 4.0), ('oi6', 7.0)]","[('cwn', 1.0), ('oi6', 1.0)]","[('cwn', 1.0), ('oi6', 2.0)]"
ol7,"['8fi', 'qlq', 'iqk', 'msn']","['8fi', 'qlq', 'iqk', 'msn']","['8fi', 'qlq', 'iqk', 'msn']",[],"['8fi', 'qlq', 'iqk', 'msn']",[],"[('8fi', 3.0), ('qlq', 3.0), ('iqk', 3.0), ('msn', 3.0)]","[('8fi', 4.0), ('qlq', 4.0), ('iqk', 4.0), ('msn', 4.0)]","[('8fi', 1.0), ('qlq', 1.0), ('iqk', 1.0), ('msn', 1.0)]"
1uq,"['klf', 'yyj', 'bty', 'f07', '1ey', 'ayq', '1zx', '26o', 'ej8', '5sz', '1uq', 'jjt']","['klf', 'yyj', 'bty', 'f07', '1ey', 'ayq', '1zx', '26o', 'ej8', '5sz', '1uq', 'jjt']","['klf', 'f07']","['klf', '1ey']",[],[],"[('klf', 4.0), ('yyj', 4.0), ('bty', 4.0), ('f07', 5.0), ('1ey', 3.0), ('ayq', 4.0), ('1zx', 5.0), ('26o', 5.0), ('ej8', 5.0), ('5sz', 5.0), ('1uq', 5.0), ('jjt', 4.0)]","[('klf', 6.0), ('yyj', 3.0), ('bty', 3.0), ('f07', 4.0), ('1ey', 4.0), ('ayq', 3.0), ('1zx', 2.0), ('26o', 5.0), ('ej8', 3.0), ('5sz', 4.0), ('1uq', 4.0), ('jjt', 3.0)]","[('klf', 1.0), ('yyj', 1.0), ('bty', 1.0), ('f07', 1.0), ('1ey', 1.0), ('ayq', 1.0), ('1zx', 1.0), ('26o', 1.0), ('ej8', 1.0), ('5sz', 1.0), ('1uq', 1.0), ('jjt', 1.0)]"
qyx,['jne'],['jne'],['jne'],['jne'],[],[],"[('jne', 7.0)]","[('jne', 3.0)]",[]
07h,"['c38', 'zit', 'pdp', 'kq7']",[],[],['c38'],"['c38', 'zit', 'pdp', 'kq7']",[],"[('c38', 3.0), ('zit', 5.0), ('pdp', 4.0), ('kq7', 6.0)]","[('c38', 2.0), ('zit', 4.0), ('pdp', 4.0), ('kq7', 3.0)]","[('c38', 1.0), ('zit', 2.0), ('pdp', 3.0), ('kq7', 1.0)]"
q9a,"['cx9', 'zrm', '843', 'mjb', 'afp']",[],[],[],[],[],"[('cx9', 3.0), ('zrm', 4.0), ('843', 7.0), ('mjb', 5.0), ('afp', 4.0)]","[('cx9', 4.0), ('843', 6.0), ('mjb', 3.0), ('afp', 5.0)]","[('cx9', 1.0), ('zrm', 1.0), ('843', 1.0), ('mjb', 1.0), ('afp', 1.0)]"
tmy,"['v0p', 'n3q']","['v0p', 'n3q']",[],[],[],[],"[('v0p', 5.0), ('n3q', 6.0)]","[('v0p', 3.0), ('n3q', 6.0)]","[('v0p', 1.0), ('n3q', 1.0)]"
zrm,"['cx9', '843', 'afp', 'mjb']","['843', 'mjb']",[],['mjb'],['mjb'],[],"[('cx9', 8.0), ('843', 8.0), ('afp', 9.0), ('mjb', 6.0)]","[('cx9', 3.0), ('843', 5.0), ('afp', 5.0), ('mjb', 3.0)]","[('cx9', 1.0), ('843', 1.0), ('afp', 1.0), ('mjb', 1.0)]"
1ru,[],[],[],[],[],[],[],[],[]
gpm,"['k8p', 'yo0', '39j', 'vja']","['k8p', '39j']","['k8p', 'yo0', '39j', 'vja']",['k8p'],"['yo0', '39j', 'vja']",[],[],"[('k8p', 2.0), ('yo0', 7.0), ('39j', 3.0), ('vja', 3.0)]","[('k8p', 1.0), ('yo0', 1.0), ('39j', 1.0), ('vja', 1.0)]"
i9d,"['3rt', 'u5b', 'zfv', 'cav', '30d', '7mf', '8ke', 'bjp', 'l7r', '685', 'cx9']","['3rt', 'u5b', 'zfv', 'cav', '30d', '7mf', '8ke', 'bjp', 'l7r', '685', 'cx9']","['3rt', 'zfv', 'cav', '7mf', 'l7r']","['3rt', 'cav', 'bjp', 'l7r']",['7mf'],"['3rt', '7mf']","[('3rt', 6.0), ('u5b', 5.0), ('zfv', 6.0), ('cav', 6.0), ('30d', 5.0), ('7mf', 5.0), ('8ke', 5.0), ('bjp', 6.0), ('l7r', 7.0), ('685', 8.0), ('cx9', 9.0)]","[('3rt', 3.0), ('u5b', 3.0), ('zfv', 4.0), ('cav', 4.0), ('30d', 4.0), ('7mf', 7.0), ('8ke', 4.0), ('bjp', 4.0), ('l7r', 5.0), ('685', 5.0), ('cx9', 6.0)]","[('3rt', 1.0), ('u5b', 2.0), ('zfv', 2.0), ('cav', 2.0), ('30d', 2.0), ('7mf', 1.0), ('8ke', 2.0), ('bjp', 2.0), ('l7r', 2.0), ('685', 3.0), ('cx9', 4.0)]"
msn,"['8fi', 'qlq', 'ol7', 'f07', 'klf']","['8fi', 'qlq', 'ol7', 'f07', 'klf']",[],[],[],[],"[('8fi', 3.0), ('qlq', 2.0), ('ol7', 3.0), ('f07', 4.0), ('klf', 4.0)]","[('8fi', 5.0), ('qlq', 5.0), ('ol7', 5.0), ('f07', 3.0), ('klf', 5.0)]","[('8fi', 1.0), ('qlq', 1.0), ('ol7', 1.0), ('f07', 2.0), ('klf', 2.0)]"
rvu,[],[],[],[],[],[],[],[],[]
zvr,"['t6m', 'zit']","['t6m', 'zit']",[],[],[],[],"[('t6m', 3.0), ('zit', 3.0)]","[('t6m', 2.0), ('zit', 4.0)]","[('t6m', 1.0), ('zit', 2.0)]"
8yu,"['5nw', 'svh', 'fsu']",['5nw'],['5nw'],['5nw'],['5nw'],[],"[('5nw', 4.0), ('svh', 0.0), ('fsu', 0.0)]","[('5nw', 6.0), ('svh', 3.0), ('fsu', 3.0)]","[('5nw', 1.0), ('svh', 2.0), ('fsu', 2.0)]"
vja,"['k8p', 'gpm']",[],['gpm'],[],[],[],"[('k8p', 1.0), ('gpm', 1.0)]","[('k8p', 3.0), ('gpm', 3.0)]","[('k8p', 1.0), ('gpm', 1.0)]"
2g7,"['w10', 'zit', 'fle', 'gd8', 'xfz', 'w9x', 'j0g', 'yvz']","['w10', 'zit', 'fle', 'gd8', 'xfz', 'w9x', 'j0g', 'yvz']",[],[],[],[],"[('w10', 4.0), ('zit', 4.0), ('fle', 5.0), ('gd8', 4.0), ('xfz', 6.0), ('j0g', 3.0), ('yvz', 5.0)]","[('w10', 4.0), ('zit', 5.0), ('fle', 4.0), ('gd8', 3.0), ('xfz', 3.0), ('w9x', 4.0), ('j0g', 5.0), ('yvz', 3.0)]","[('w10', 1.0), ('zit', 1.0), ('fle', 1.0), ('gd8', 1.0), ('xfz', 1.0), ('w9x', 1.0), ('j0g', 1.0), ('yvz', 2.0)]"
m80,[],[],[],[],[],[],[],[],[]
ej8,"['5sz', '1uq', 'jjt', 'yyj', 'bty', '26o', 'ayq', '1ey', 'klf']","['5sz', '1uq', 'jjt', 'yyj', 'bty', '26o', 'ayq', '1ey', 'klf']","['yyj', 'bty', '26o', 'ayq', '1ey']",['jjt'],"['jjt', 'yyj', 'bty', '26o', 'ayq', '1ey']",['jjt'],"[('5sz', 5.0), ('1uq', 8.0), ('jjt', 8.0), ('yyj', 6.0), ('bty', 5.0), ('26o', 8.0), ('ayq', 6.0), ('1ey', 6.0), ('klf', 8.0)]","[('5sz', 6.0), ('1uq', 0.0), ('jjt', 8.0), ('yyj', 3.0), ('bty', 5.0), ('26o', 4.0), ('ayq', 3.0), ('1ey', 4.0), ('klf', 4.0)]","[('5sz', 1.0), ('1uq', 1.0), ('jjt', 1.0), ('yyj', 1.0), ('bty', 1.0), ('26o', 1.0), ('ayq', 1.0), ('1ey', 1.0), ('klf', 1.0)]"
cp4,"['qlq', '7mf', '9vw', '95j']",['7mf'],"['qlq', '9vw', '95j']",[],[],[],"[('qlq', 5.0), ('7mf', 3.0), ('9vw', 3.0), ('95j', 5.0)]","[('qlq', 5.0), ('7mf', 8.0), ('9vw', 5.0), ('95j', 5.0)]","[('qlq', 1.0), ('7mf', 2.0), ('9vw', 1.0), ('95j', 1.0)]"
swx,['swx'],[],[],['swx'],[],[],"[('swx', 0.0)]","[('swx', 8.0)]",[]
yo0,"['39j', 'gpm', 'k8p']",[],"['39j', 'gpm', 'k8p']","['39j', 'gpm', 'k8p']",[],[],"[('39j', 4.0), ('gpm', 6.0), ('k8p', 3.0)]","[('39j', 4.0), ('gpm', 5.0), ('k8p', 5.0)]","[('39j', 1.0), ('gpm', 1.0), ('k8p', 1.0)]"
i49,"['obm', 'v0p', 'n3q', '7a9']","['obm', 'v0p', 'n3q', '7a9']","['obm', 'v0p', 'n3q', '7a9']",[],['v0p'],[],"[('obm', 7.0), ('v0p', 8.0), ('n3q', 5.0), ('7a9', 9.0)]","[('obm', 5.0), ('v0p', 3.0), ('n3q', 8.0), ('7a9', 5.0)]","[('obm', 1.0), ('v0p', 1.0), ('n3q', 1.0), ('7a9', 1.0)]"
obm,"['i49', '7a9', 'n3q']",[],"['i49', 'n3q']",['n3q'],[],[],"[('i49', 7.0), ('7a9', 7.0), ('n3q', 4.0)]","[('i49', 6.0), ('7a9', 6.0), ('n3q', 6.0)]","[('i49', 1.0), ('7a9', 1.0), ('n3q', 1.0)]"
fph,"['vhs', 'b9u', 'osf']",[],"['vhs', 'b9u', 'osf']",[],[],[],"[('vhs', 4.0), ('b9u', 4.0), ('osf', 4.0)]","[('vhs', 4.0), ('b9u', 4.0), ('osf', 4.0)]","[('vhs', 1.0), ('b9u', 1.0), ('osf', 1.0)]"
95j,"['9vw', 'cp4', 'qlq', '4aw']","['9vw', 'qlq', '4aw']",[],"['9vw', 'qlq', '4aw']",[],['4aw'],"[('9vw', 1.0), ('cp4', 1.0), ('qlq', 1.0), ('4aw', 1.0)]","[('9vw', 6.0), ('cp4', 4.0), ('qlq', 4.0), ('4aw', 7.0)]","[('9vw', 1.0), ('cp4', 1.0), ('qlq', 2.0), ('4aw', 3.0)]"
5sz,"['1ey', 'ayq', '1zx', '26o', 'ej8', '1uq', 'jjt', 'yyj', 'bty']","['ayq', '1zx', '26o', '1uq', 'jjt', 'yyj', 'bty']","['1ey', 'ayq']",['ej8'],['1zx'],"['1ey', 'ayq', '1zx', '26o', 'yyj', 'bty']","[('1ey', 7.0), ('ayq', 8.0), ('1zx', 6.0), ('26o', 7.0), ('ej8', 7.0), ('1uq', 8.0), ('jjt', 5.0), ('yyj', 6.0), ('bty', 7.0)]","[('1ey', 5.0), ('ayq', 5.0), ('1zx', 6.0), ('26o', 4.0), ('ej8', 5.0), ('1uq', 7.0), ('jjt', 6.0), ('yyj', 4.0), ('bty', 5.0)]","[('1ey', 1.0), ('ayq', 1.0), ('1zx', 1.0), ('26o', 1.0), ('ej8', 1.0), ('1uq', 1.0), ('jjt', 1.0), ('yyj', 1.0), ('bty', 1.0)]"
u5b,"['30d', 'oae', 'zfv', '7mf', '3rt', 'cav', '1k3', 'rji', 'poi', 'n64', '8ke', 'bjp', 'l7r', 'i9d', 'h3h']","['30d', 'oae', 'zfv', '3rt', 'cav', '1k3', 'rji', 'poi', 'n64', '8ke', 'bjp', 'l7r', 'i9d', 'h3h']","['30d', 'zfv', '7mf', '3rt', 'cav', '1k3', 'rji', '8ke', 'bjp', 'l7r', 'i9d', 'h3h']","['30d', '1k3', 'rji', '8ke', 'bjp', 'l7r', 'h3h']",['l7r'],[],"[('30d', 3.0), ('oae', 5.0), ('zfv', 5.0), ('7mf', 5.0), ('3rt', 5.0), ('cav', 5.0), ('1k3', 3.0), ('rji', 5.0), ('poi', 4.0), ('n64', 6.0), ('8ke', 5.0), ('bjp', 3.0), ('l7r', 4.0), ('i9d', 4.0), ('h3h', 3.0)]","[('30d', 1.0), ('oae', 3.0), ('zfv', 6.0), ('7mf', 3.0), ('3rt', 2.0), ('cav', 3.0), ('1k3', 2.0), ('rji', 7.0), ('poi', 2.0), ('n64', 4.0), ('8ke', 3.0), ('bjp', 3.0), ('l7r', 1.0), ('i9d', 3.0), ('h3h', 2.0)]","[('30d', 1.0), ('oae', 1.0), ('zfv', 1.0), ('7mf', 1.0), ('3rt', 1.0), ('cav', 1.0), ('1k3', 4.0), ('rji', 1.0), ('poi', 2.0), ('n64', 3.0), ('8ke', 1.0), ('bjp', 1.0), ('l7r', 1.0), ('i9d', 1.0), ('h3h', 1.0)]"
n3q,"['v0p', '7a9', 'tmy']",['7a9'],"['v0p', 'tmy']",[],[],[],"[('v0p', 6.0), ('7a9', 8.0), ('tmy', 6.0)]","[('v0p', 6.0), ('7a9', 6.0), ('tmy', 6.0)]","[('v0p', 1.0), ('7a9', 1.0), ('tmy', 2.0)]"
5ga,"['20r', 'kfs']",['kfs'],[],[],[],[],"[('20r', 4.0), ('kfs', 1.0)]","[('20r', 7.0), ('kfs', 5.0)]","[('20r', 2.0), ('kfs', 1.0)]"
om3,"['m7x', '8lm', '3dg', 'yc4', 'hjk', '99v', '467', 'g52']","['m7x', '8lm', '3dg', 'yc4', 'hjk', '99v', '467', 'g52']",[],[],[],[],"[('m7x', 3.0), ('8lm', 3.0), ('3dg', 3.0), ('yc4', 3.0), ('hjk', 3.0), ('99v', 3.0), ('467', 3.0), ('g52', 3.0)]","[('m7x', 3.0), ('8lm', 3.0), ('3dg', 3.0), ('yc4', 3.0), ('hjk', 3.0), ('99v', 3.0), ('467', 3.0), ('g52', 3.0)]","[('m7x', 1.0), ('8lm', 1.0), ('3dg', 1.0), ('yc4', 1.0), ('hjk', 1.0), ('99v', 1.0), ('467', 1.0), ('g52', 1.0)]"
6z8,"['98q', 'hyf', '3z0', 'vug', 'upq', 'oev']","['98q', 'hyf', '3z0', 'vug', 'upq']","['hyf', 'vug', 'upq']","['98q', 'hyf', 'vug', 'upq']","['98q', 'hyf', 'vug']",[],"[('98q', 7.0), ('hyf', 7.0), ('3z0', 7.0), ('vug', 7.0), ('upq', 7.0), ('oev', 7.0)]","[('98q', 3.0), ('hyf', 3.0), ('3z0', 0.0), ('vug', 4.0), ('upq', 3.0), ('oev', 0.0)]","[('98q', 1.0), ('hyf', 1.0), ('3z0', 1.0), ('vug', 1.0), ('upq', 1.0), ('oev', 1.0)]"
uzs,['9sx'],[],[],['9sx'],[],[],"[('9sx', 7.0)]","[('9sx', 6.0)]","[('9sx', 1.0)]"
a3g,[],[],[],[],[],[],[],[],[]
rji,"['vrj', 'i9d', 'h3h', '30d', 'oae', 'poi', 'cx9', 'nre', 'n64', '8ke', 'bjp', 'l7r', 'u5b']","['h3h', '30d', 'oae', '8ke', 'bjp', 'u5b']","['vrj', '30d', 'oae', '8ke', 'bjp']","['h3h', '30d', 'oae', 'cx9', '8ke', 'bjp']","['cx9', 'nre', 'n64']",[],"[('vrj', 8.0), ('i9d', 7.0), ('h3h', 5.0), ('30d', 5.0), ('oae', 5.0), ('poi', 6.0), ('cx9', 6.0), ('nre', 7.0), ('n64', 8.0), ('8ke', 5.0), ('bjp', 6.0), ('l7r', 9.0), ('u5b', 6.0)]","[('vrj', 5.0), ('i9d', 4.0), ('h3h', 4.0), ('30d', 4.0), ('oae', 5.0), ('poi', 4.0), ('cx9', 5.0), ('nre', 6.0), ('n64', 5.0), ('8ke', 4.0), ('bjp', 4.0), ('l7r', 5.0), ('u5b', 5.0)]","[('vrj', 2.0), ('i9d', 3.0), ('h3h', 1.0), ('30d', 1.0), ('oae', 1.0), ('poi', 2.0), ('cx9', 2.0), ('nre', 2.0), ('n64', 2.0), ('8ke', 2.0), ('bjp', 1.0), ('l7r', 1.0), ('u5b', 1.0)]"
dzv,['1ey'],[],[],['1ey'],[],[],"[('1ey', 4.0)]","[('1ey', 4.0)]","[('1ey', 2.0)]"
30d,"['h3h', 'oae', 'zfv', '3rt', 'cav', 'rji', 'poi', 'nre', 'n64', '8ke', 'bjp', 'l7r', 'u5b']","['h3h', 'oae', 'zfv', '3rt', 'cav', 'poi', 'nre', 'n64', '8ke', 'bjp', 'l7r', 'u5b']","['bjp', 'l7r', 'u5b']","['8ke', 'bjp', 'l7r', 'u5b']",[],['bjp'],"[('h3h', 0.0), ('oae', 6.0), ('zfv', 0.0), ('3rt', 0.0), ('cav', 0.0), ('rji', 8.0), ('poi', 0.0), ('nre', 0.0), ('n64', 0.0), ('8ke', 8.0), ('bjp', 6.0), ('l7r', 10.0), ('u5b', 6.0)]","[('h3h', 0.0), ('oae', 6.0), ('zfv', 0.0), ('3rt', 0.0), ('cav', 0.0), ('rji', 4.0), ('poi', 5.0), ('nre', 0.0), ('n64', 0.0), ('8ke', 4.0), ('bjp', 5.0), ('l7r', 5.0), ('u5b', 4.0)]","[('h3h', 5.0), ('oae', 6.0), ('zfv', 7.0), ('3rt', 8.0), ('cav', 9.0), ('rji', 1.0), ('poi', 2.0), ('nre', 3.0), ('n64', 4.0), ('8ke', 1.0), ('bjp', 1.0), ('l7r', 1.0), ('u5b', 1.0)]"
5ci,"['ctx', 'r9o', 'r75']","['ctx', 'r9o']",[],[],[],[],"[('ctx', 6.0), ('r9o', 2.0), ('r75', 5.0)]","[('ctx', 7.0), ('r9o', 5.0), ('r75', 3.0)]","[('ctx', 1.0), ('r9o', 1.0), ('r75', 2.0)]"
6b9,"['o2r', 'tuf', 'fle', 'pr2', '6hy']","['tuf', 'pr2']",[],"['o2r', 'tuf', 'pr2']",[],['o2r'],"[('o2r', 3.0), ('tuf', 5.0), ('fle', 7.0), ('pr2', 4.0), ('6hy', 0.0)]","[('o2r', 0.0), ('tuf', 0.0), ('fle', 0.0), ('pr2', 0.0), ('6hy', 0.0)]","[('o2r', 1.0), ('tuf', 2.0), ('fle', 3.0), ('pr2', 2.0), ('6hy', 4.0)]"
oae,"['zme', '30d', '8ke', 'pkl']","['zme', '30d', '8ke', 'pkl']",['zme'],"['zme', '30d', '8ke', 'pkl']",['zme'],['zme'],"[('zme', 1.0), ('30d', 5.0), ('8ke', 4.0), ('pkl', 5.0)]","[('zme', 4.0), ('30d', 3.0), ('8ke', 3.0), ('pkl', 4.0)]","[('zme', 1.0), ('30d', 2.0), ('8ke', 2.0), ('pkl', 3.0)]"
7a9,"['v0p', 'n3q', 'obm', 'i49']","['v0p', 'n3q', 'obm', 'i49']","['n3q', 'obm']",['n3q'],['n3q'],['n3q'],"[('v0p', 6.0), ('n3q', 6.0), ('obm', 8.0), ('i49', 7.0)]","[('v0p', 4.0), ('n3q', 7.0), ('obm', 7.0), ('i49', 3.0)]","[('v0p', 1.0), ('n3q', 1.0), ('obm', 1.0), ('i49', 1.0)]"
9vw,"['95j', 'cp4', 'qlq']","['95j', 'qlq']","['95j', 'cp4', 'qlq']","['95j', 'qlq']","['cp4', 'qlq']",[],"[('95j', 1.0), ('cp4', 1.0), ('qlq', 1.0)]","[('95j', 5.0), ('cp4', 5.0), ('qlq', 5.0)]","[('95j', 1.0), ('cp4', 1.0), ('qlq', 1.0)]"
cx9,"['r3x', 'vrj', '98q', 'n64', 'wep', 'qdi', '3s1', '44p', 'aq6', 'qip', 'zrm', '843', 'mjb', 'afp', 'kq7', 'rji']","['r3x', 'vrj', '98q', 'n64', 'qdi', '3s1', '44p', 'aq6', 'qip', 'zrm', '843', 'mjb', 'afp', 'kq7', 'rji']",[],[],[],[],"[('r3x', 4.0), ('vrj', 4.0), ('98q', 5.0), ('n64', 5.0), ('wep', 4.0), ('qdi', 4.0), ('3s1', 4.0), ('44p', 4.0), ('aq6', 4.0), ('qip', 5.0), ('zrm', 6.0), ('843', 5.0), ('mjb', 4.0), ('afp', 5.0), ('kq7', 6.0), ('rji', 5.0)]","[('r3x', 4.0), ('vrj', 4.0), ('98q', 4.0), ('n64', 3.0), ('wep', 4.0), ('qdi', 4.0), ('3s1', 4.0), ('44p', 4.0), ('aq6', 3.0), ('qip', 4.0), ('zrm', 4.0), ('843', 5.0), ('mjb', 4.0), ('afp', 3.0), ('kq7', 4.0), ('rji', 4.0)]","[('r3x', 1.0), ('vrj', 1.0), ('98q', 1.0), ('n64', 1.0), ('wep', 1.0), ('qdi', 1.0), ('3s1', 1.0), ('44p', 1.0), ('aq6', 1.0), ('qip', 1.0), ('zrm', 1.0), ('843', 1.0), ('mjb', 1.0), ('afp', 1.0), ('kq7', 1.0), ('rji', 1.0)]"
is2,"['3ue', 'ier', '87a']","['3ue', 'ier', '87a']","['3ue', 'ier']","['3ue', 'ier']",['ier'],[],"[('3ue', 4.0), ('ier', 3.0), ('87a', 0.0)]","[('3ue', 3.0), ('ier', 4.0), ('87a', 3.0)]","[('3ue', 1.0), ('ier', 1.0), ('87a', 1.0)]"
qdi,"['aq6', 'qip', '1cb', 'dn0', 'r3x', 'cx9']","['aq6', 'qip', '1cb', 'dn0', 'r3x', 'cx9']",[],[],[],[],"[('aq6', 5.0), ('qip', 3.0), ('1cb', 4.0), ('dn0', 6.0), ('r3x', 5.0), ('cx9', 5.0)]","[('aq6', 5.0), ('qip', 6.0), ('1cb', 3.0), ('dn0', 4.0), ('r3x', 4.0), ('cx9', 6.0)]","[('aq6', 1.0), ('qip', 1.0), ('1cb', 1.0), ('dn0', 2.0), ('r3x', 1.0), ('cx9', 3.0)]"
6hy,"['ier', 'is2', 'uqn', '6b9']","['ier', 'is2']",['6b9'],[],[],['uqn'],"[('ier', 4.0), ('is2', 4.0), ('uqn', 4.0), ('6b9', 4.0)]","[('ier', 3.0), ('is2', 3.0), ('uqn', 3.0), ('6b9', 3.0)]","[('ier', 1.0), ('is2', 1.0), ('uqn', 2.0), ('6b9', 3.0)]"
e8i,"['2wb', 'f7n', '4og', 'erw', 'iy3', 'pdp', 'fle', 'ty0']","['2wb', 'f7n', '4og', 'erw']",[],"['2wb', 'f7n', '4og', 'erw']",[],[],"[('2wb', 5.0), ('f7n', 5.0), ('4og', 5.0), ('erw', 5.0), ('iy3', 5.0), ('pdp', 5.0), ('fle', 5.0), ('ty0', 5.0)]","[('2wb', 4.0), ('f7n', 5.0), ('4og', 4.0), ('erw', 5.0), ('iy3', 4.0), ('pdp', 4.0), ('fle', 4.0), ('ty0', 4.0)]","[('2wb', 1.0), ('f7n', 1.0), ('4og', 1.0), ('erw', 1.0)]"
ayq,"['cav', '26o', 'ej8', '5sz', '1uq', 'yyj', 'bty', '0fo', 'hro', 'wom', 'pfr', '1ey', '1zx']","['cav', 'ej8', '5sz', 'yyj', 'bty', '0fo', 'hro', 'wom', '1ey', '1zx']","['cav', '5sz', 'yyj', '0fo', 'hro', 'wom', 'pfr']","['cav', '5sz', 'yyj', 'bty', '0fo', 'hro', 'wom', '1zx']","['26o', 'ej8', '5sz', 'yyj', 'hro', '1ey', '1zx']","['ej8', '5sz', '1uq', 'yyj', 'bty', 'wom', '1ey', '1zx']","[('cav', 6.0), ('26o', 8.0), ('ej8', 5.0), ('5sz', 5.0), ('1uq', 8.0), ('bty', 6.0), ('0fo', 4.0), ('yyj', 4.0), ('hro', 3.0), ('wom', 3.0), ('pfr', 5.0), ('1ey', 6.0), ('1zx', 6.0)]","[('cav', 5.0), ('26o', 5.0), ('ej8', 3.0), ('5sz', 4.0), ('1uq', 4.0), ('yyj', 4.0), ('bty', 3.0), ('0fo', 5.0), ('hro', 4.0), ('wom', 5.0), ('pfr', 6.0), ('1ey', 6.0), ('1zx', 5.0)]","[('cav', 1.0), ('26o', 2.0), ('ej8', 2.0), ('5sz', 2.0), ('1uq', 2.0), ('yyj', 2.0), ('bty', 2.0), ('0fo', 1.0), ('hro', 1.0), ('wom', 1.0), ('pfr', 1.0), ('1ey', 2.0), ('1zx', 2.0)]"
nre,"['hyf', '98q', 'n64', 'rji', 'vrj', 'poi']","['hyf', '98q', 'n64']","['hyf', '98q', 'n64']","['hyf', '98q', 'n64', 'rji', 'vrj', 'poi']","['hyf', '98q', 'n64']",[],"[('hyf', 4.0), ('98q', 3.0), ('n64', 5.0), ('rji', 0.0), ('vrj', 0.0), ('poi', 0.0)]","[('hyf', 3.0), ('98q', 2.0), ('n64', 3.0), ('rji', 6.0), ('vrj', 5.0), ('poi', 0.0)]","[('hyf', 1.0), ('98q', 1.0), ('n64', 1.0), ('rji', 2.0), ('vrj', 3.0), ('poi', 4.0)]"
w10,"['5ul', 'zit', 'fle', 'xfz', 'gd8', 'j0g']","['5ul', 'zit', 'j0g']",[],"['fle', 'xfz', 'gd8']",[],[],"[('5ul', 0.0), ('zit', 0.0), ('fle', 0.0), ('xfz', 0.0), ('gd8', 0.0), ('j0g', 0.0)]","[('5ul', 7.0), ('zit', 6.0), ('fle', 6.0), ('xfz', 3.0), ('gd8', 2.0), ('j0g', 5.0)]","[('5ul', 1.0), ('zit', 2.0), ('fle', 2.0), ('xfz', 2.0), ('gd8', 2.0), ('j0g', 2.0)]"
7mf,"['rji', '685', 'it8', 'u5b', 'zfv', '3rt', 'i9d', 'cav', 'cp4', 'qlq', '9vw']","['rji', '685', 'it8', 'u5b', 'zfv', '3rt', 'i9d', 'cav', 'cp4', 'qlq', '9vw']","['3rt', 'i9d', 'cp4']","['685', 'cp4']","['3rt', 'i9d', 'cp4']","['3rt', 'i9d']","[('rji', 5.0), ('685', 6.0), ('it8', 7.0), ('u5b', 6.0), ('zfv', 4.0), ('3rt', 3.0), ('i9d', 3.0), ('cav', 3.0), ('cp4', 2.0), ('qlq', 2.0), ('9vw', 2.0)]","[('rji', 0.0), ('685', 0.0), ('it8', 0.0), ('u5b', 0.0), ('zfv', 0.0), ('3rt', 3.0), ('i9d', 7.0), ('cav', 0.0), ('cp4', 4.0), ('qlq', 0.0), ('9vw', 0.0)]","[('rji', 3.0), ('685', 2.0), ('it8', 2.0), ('u5b', 3.0), ('zfv', 3.0), ('3rt', 8.0), ('i9d', 8.0), ('cav', 3.0), ('cp4', 1.0), ('qlq', 1.0), ('9vw', 1.0)]"
j1i,['g1x'],['g1x'],['g1x'],['g1x'],[],['g1x'],"[('g1x', 4.0)]","[('g1x', 3.0)]","[('g1x', 1.0)]"
843,"['afp', 'mjb', 'zrm', 'cx9', 'q9a']","['afp', 'mjb', 'zrm', 'cx9']",[],"['afp', 'mjb', 'zrm', 'cx9', 'q9a']",['cx9'],[],"[('afp', 5.0), ('mjb', 2.0), ('zrm', 4.0), ('cx9', 3.0), ('q9a', 1.0)]","[('afp', 2.0), ('mjb', 3.0), ('zrm', 3.0), ('cx9', 2.0), ('q9a', 0.0)]","[('afp', 1.0), ('mjb', 1.0), ('zrm', 1.0), ('cx9', 1.0), ('q9a', 2.0)]"
r3x,"['aq6', 'cx9', 'qip', 'qdi', '7w1']","['aq6', 'cx9', 'qip', 'qdi', '7w1']",[],[],[],[],"[('aq6', 4.0), ('cx9', 4.0), ('qip', 4.0), ('qdi', 4.0), ('7w1', 4.0)]","[('aq6', 4.0), ('cx9', 3.0), ('qip', 4.0), ('qdi', 4.0), ('7w1', 4.0)]","[('aq6', 1.0), ('cx9', 2.0), ('qip', 1.0), ('qdi', 1.0), ('7w1', 1.0)]"
98q,"['upq', 'cx9', 'n64', '3z0', 'oev', '6z8', 'ras', 'poi', 'hxt', '6vf', 'nre', 'hyf', 'rji', 'vrj']","['upq', 'cx9', 'n64', '3z0', 'oev', '6z8', 'ras', 'poi', 'hxt', '6vf', 'nre', 'hyf', 'rji', 'vrj']",[],"['upq', 'ras', 'poi', 'hxt', '6vf']",[],[],"[('upq', 5.0), ('cx9', 7.0), ('n64', 5.0), ('3z0', 5.0), ('oev', 5.0), ('6z8', 5.0), ('ras', 5.0), ('poi', 4.0), ('hxt', 6.0), ('6vf', 5.0), ('nre', 6.0), ('hyf', 5.0), ('rji', 4.0), ('vrj', 6.0)]","[('upq', 4.0), ('cx9', 5.0), ('n64', 4.0), ('3z0', 3.0), ('oev', 3.0), ('6z8', 3.0), ('ras', 4.0), ('poi', 4.0), ('hxt', 4.0), ('6vf', 5.0), ('nre', 5.0), ('hyf', 4.0), ('rji', 2.0)]","[('upq', 1.0), ('cx9', 2.0), ('n64', 2.0), ('3z0', 2.0), ('oev', 1.0), ('6z8', 1.0), ('ras', 1.0), ('poi', 1.0), ('hxt', 1.0), ('6vf', 1.0), ('nre', 1.0), ('hyf', 1.0), ('rji', 2.0), ('vrj', 2.0)]"
qip,"['aq6', '7w1', 'r3x', 'qdi']","['aq6', 'r3x']",[],[],[],[],"[('aq6', 5.0), ('7w1', 5.0), ('r3x', 5.0), ('qdi', 5.0)]","[('aq6', 5.0), ('7w1', 5.0), ('r3x', 4.0), ('qdi', 5.0)]","[('aq6', 1.0), ('7w1', 1.0), ('r3x', 1.0), ('qdi', 1.0)]"
scs,['k05'],['k05'],[],[],[],[],"[('k05', 7.0)]","[('k05', 6.0)]","[('k05', 1.0)]"
8ke,"['rji', 'n64', '98q', '3z0', 'qip', 'vrj', 'poi', 'cx9', 'nre', 'u5b', 'l7r', 'bjp', '30d']","['rji', 'poi', 'cx9', 'u5b', '30d']",['rji'],"['poi', '30d']","['98q', '3z0', 'poi']",[],"[('rji', 7.0), ('n64', 9.0), ('98q', 9.0), ('3z0', 5.0), ('qip', 6.0), ('vrj', 7.0), ('poi', 4.0), ('cx9', 5.0), ('nre', 0.0), ('u5b', 6.0), ('l7r', 7.0), ('bjp', 6.0), ('30d', 6.0)]","[('rji', 7.0), ('n64', 4.0), ('98q', 7.0), ('3z0', 2.0), ('qip', 4.0), ('vrj', 0.0), ('poi', 4.0), ('cx9', 5.0), ('nre', 3.0), ('u5b', 5.0), ('l7r', 6.0), ('bjp', 6.0), ('30d', 5.0)]","[('rji', 1.0), ('n64', 2.0), ('98q', 2.0), ('vrj', 2.0), ('poi', 2.0), ('cx9', 2.0), ('nre', 2.0), ('u5b', 1.0), ('l7r', 1.0), ('bjp', 1.0), ('30d', 1.0)]"
6vf,"['e6v', 'vrj', '98q']",['e6v'],[],['98q'],[],[],"[('e6v', 4.0), ('vrj', 8.0), ('98q', 2.0)]","[('e6v', 7.0), ('vrj', 6.0), ('98q', 3.0)]","[('e6v', 1.0), ('vrj', 2.0), ('98q', 2.0)]"
yp5,"['40m', 'hez']",[],[],"['40m', 'hez']",[],[],"[('40m', 6.0), ('hez', 0.0)]","[('40m', 5.0), ('hez', 6.0)]",[]
c38,"['r75', 'kq7', '07h', 'pdp', 'zit']","['kq7', '07h']",[],"['kq7', '07h']","['r75', 'kq7', '07h', 'pdp', 'zit']",[],"[('r75', 4.0), ('kq7', 5.0), ('07h', 5.0), ('pdp', 3.0), ('zit', 3.0)]","[('r75', 1.0), ('kq7', 5.0), ('07h', 4.0), ('pdp', 4.0), ('zit', 5.0)]","[('r75', 4.0), ('kq7', 1.0), ('07h', 1.0), ('pdp', 3.0), ('zit', 3.0)]"
r75,"['pgw', 'k3y', 'c38', '5ci', '90o']",[],[],"['pgw', 'k3y', 'c38', '5ci', '90o']","['k3y', '90o']",[],"[('pgw', 4.0), ('k3y', 2.0), ('c38', 3.0), ('5ci', 9.0), ('90o', 4.0)]","[('pgw', 1.0), ('k3y', 3.0), ('c38', 1.0), ('5ci', 5.0), ('90o', 3.0)]","[('pgw', 1.0), ('k3y', 2.0), ('c38', 2.0), ('5ci', 4.0), ('90o', 3.0)]"
pdp,"['zit', 'c38', '07h', 'zda', 'iy3']",['iy3'],['iy3'],"['zit', 'zda', 'iy3']",['iy3'],[],"[('zit', 9.0), ('c38', 4.0), ('07h', 4.0), ('zda', 10.0), ('iy3', 7.0)]","[('zit', 4.0), ('c38', 4.0), ('07h', 4.0), ('zda', 4.0), ('iy3', 3.0)]","[('zit', 2.0), ('c38', 1.0), ('07h', 1.0), ('zda', 2.0), ('iy3', 3.0)]"
fsu,"['svh', 'poi', 'vpi', 'ras', 'go4']","['vpi', 'ras']",['vpi'],['vpi'],"['vpi', 'ras']",[],"[('svh', 4.0), ('vpi', 3.0), ('ras', 3.0), ('go4', 5.0)]","[('svh', 0.0), ('poi', 3.0), ('vpi', 3.0), ('ras', 3.0), ('go4', 3.0)]","[('svh', 1.0), ('poi', 2.0), ('vpi', 2.0), ('ras', 2.0), ('go4', 2.0)]"
ctx,"['5ci', 'r9o']","['5ci', 'r9o']",[],"['5ci', 'r9o']",[],['r9o'],"[('5ci', 6.0), ('r9o', 6.0)]","[('5ci', 5.0), ('r9o', 3.0)]","[('5ci', 1.0), ('r9o', 1.0)]"
qhg,"['ump', 'r75']",['ump'],[],[],[],[],"[('ump', 4.0), ('r75', 3.0)]","[('ump', 4.0), ('r75', 5.0)]","[('ump', 1.0), ('r75', 2.0)]"
3z0,"['8ke', '1a7', 'vug', 'hyf', '98q', '6z8']","['8ke', 'vug', 'hyf', '98q']","['vug', 'hyf', '98q']",[],"['8ke', '1a7']",[],"[('8ke', 5.0), ('1a7', 6.0), ('vug', 4.0), ('hyf', 4.0), ('98q', 5.0), ('6z8', 5.0)]","[('8ke', 3.0), ('1a7', 3.0), ('vug', 3.0), ('hyf', 3.0), ('98q', 3.0), ('6z8', 3.0)]","[('8ke', 2.0), ('1a7', 2.0), ('vug', 1.0), ('hyf', 1.0), ('98q', 1.0), ('6z8', 1.0)]"
3rt,"['rji', 'u5b', 'zfv', 'i9d', 'cav', '7mf', '685', 'it8']","['rji', 'u5b', 'zfv', 'i9d', 'cav', '7mf', '685', 'it8']",['i9d'],"['i9d', '685']","['7mf', 'it8']","['i9d', '7mf']","[('rji', 5.0), ('u5b', 4.0), ('zfv', 5.0), ('i9d', 4.0), ('cav', 4.0), ('7mf', 3.0), ('685', 6.0), ('it8', 7.0)]","[('rji', 0.0), ('u5b', 0.0), ('zfv', 0.0), ('i9d', 5.0), ('cav', 0.0), ('7mf', 7.0), ('685', 5.0), ('it8', 5.0)]","[('rji', 1.0), ('u5b', 1.0), ('zfv', 4.0), ('i9d', 2.0), ('cav', 2.0), ('7mf', 3.0), ('685', 10.0), ('it8', 10.0)]"
1cb,"['aq6', 'qip', 'qdi']","['aq6', 'qdi']","['aq6', 'qip', 'qdi']",['qdi'],"['aq6', 'qip', 'qdi']",[],"[('aq6', 6.0), ('qip', 4.0), ('qdi', 5.0)]","[('aq6', 2.0), ('qip', 5.0), ('qdi', 2.0)]","[('aq6', 1.0), ('qip', 1.0), ('qdi', 1.0)]"
g8f,"['kq7', '8bz', '1k3', 'mjb', 'qoh']","['kq7', '8bz', '1k3', 'mjb', 'qoh']",[],[],[],[],"[('kq7', 4.0), ('8bz', 6.0), ('1k3', 4.0), ('mjb', 4.0), ('qoh', 5.0)]","[('kq7', 4.0), ('8bz', 7.0), ('1k3', 7.0), ('mjb', 3.0), ('qoh', 5.0)]","[('kq7', 1.0), ('8bz', 1.0), ('1k3', 1.0), ('mjb', 1.0), ('qoh', 1.0)]"
l9e,"['n4r', 'e42']","['n4r', 'e42']","['n4r', 'e42']","['n4r', 'e42']",[],['n4r'],"[('n4r', 6.0), ('e42', 6.0)]","[('n4r', 4.0), ('e42', 4.0)]","[('n4r', 1.0), ('e42', 1.0)]"
3ue,"['ty0', 'joy', 'ier', 'is2', 'pfr', 'poi']","['ty0', 'joy', 'ier', 'is2', 'pfr']","['ier', 'is2']","['ty0', 'ier', 'pfr']",['ier'],[],"[('ty0', 2.0), ('joy', 7.0), ('ier', 7.0), ('is2', 9.0), ('pfr', 4.0), ('poi', 0.0)]","[('ty0', 3.0), ('joy', 6.0), ('ier', 3.0), ('is2', 4.0), ('pfr', 6.0), ('poi', 0.0)]","[('ty0', 1.0), ('joy', 2.0), ('ier', 3.0), ('is2', 3.0), ('pfr', 4.0), ('poi', 1.0)]"
kfs,"['20r', '5ga']","['20r', '5ga']",[],[],[],[],"[('20r', 1.0), ('5ga', 1.0)]","[('20r', 6.0), ('5ga', 6.0)]",[]
uqn,"['go4', '8st', 'ras', 'ljz']","['go4', 'ras']",[],[],"['8st', 'ljz']",[],"[('go4', 7.0), ('8st', 7.0), ('ras', 8.0), ('ljz', 4.0)]","[('go4', 5.0), ('8st', 0.0), ('ras', 5.0), ('ljz', 5.0)]","[('go4', 1.0), ('8st', 2.0), ('ras', 1.0), ('ljz', 1.0)]"
f7n,"['2wb', 'e8i', 'poi', '4og', 'erw', 'iy3', 'pdp']","['2wb', 'e8i', 'poi', '4og', 'erw', 'iy3', 'pdp']",['e8i'],"['2wb', 'e8i', 'poi', '4og', 'erw', 'pdp']","['e8i', '4og']",[],"[('2wb', 1.0), ('e8i', 1.0), ('poi', 1.0), ('4og', 1.0), ('erw', 1.0), ('iy3', 1.0), ('pdp', 1.0)]","[('2wb', 3.0), ('e8i', 3.0), ('poi', 0.0), ('4og', 3.0), ('erw', 2.0), ('iy3', 0.0), ('pdp', 3.0)]","[('2wb', 12.0), ('e8i', 13.0), ('poi', 1.0), ('4og', 13.0), ('erw', 13.0), ('iy3', 23.0), ('pdp', 2.0)]"
5ul,['w10'],['w10'],[],[],[],[],"[('w10', 0.0)]","[('w10', 7.0)]","[('w10', 1.0)]"
afp,"['cx9', 'zrm', '843', 'mjb', 'afp', 'un5']","['cx9', 'zrm', '843', 'mjb', 'afp', 'un5']","['843', 'afp', 'un5']","['843', 'afp', 'un5']","['cx9', 'afp', 'un5']","['afp', 'un5']","[('cx9', 2.0), ('zrm', 3.0), ('843', 4.0), ('mjb', 3.0), ('afp', 3.0), ('un5', 2.0)]","[('cx9', 2.0), ('zrm', 4.0), ('843', 4.0), ('mjb', 5.0), ('afp', 3.0), ('un5', 7.0)]","[('cx9', 1.0), ('zrm', 1.0), ('843', 1.0), ('mjb', 1.0), ('afp', 1.0), ('un5', 1.0)]"
0fo,"['cav', 'yyj', 'hro', 'wom', 'mjb', 'ayq', 'pfr', '1k3', 'qoh']","['cav', 'yyj', 'hro', 'wom', 'mjb', 'ayq', 'pfr', '1k3', 'qoh']","['cav', 'hro', 'wom']",['hro'],[],[],"[('cav', 4.0), ('yyj', 3.0), ('hro', 2.0), ('wom', 3.0), ('ayq', 3.0), ('pfr', 2.0), ('1k3', 4.0), ('qoh', 4.0)]","[('cav', 4.0), ('yyj', 6.0), ('hro', 3.0), ('wom', 6.0), ('mjb', 5.0), ('ayq', 6.0), ('pfr', 7.0), ('1k3', 6.0), ('qoh', 6.0)]","[('cav', 1.0), ('yyj', 1.0), ('hro', 1.0), ('wom', 1.0), ('mjb', 2.0), ('ayq', 1.0), ('pfr', 1.0), ('1k3', 2.0), ('qoh', 2.0)]"
28t,['wv9'],['wv9'],['wv9'],['wv9'],['wv9'],[],"[('wv9', 1.0)]","[('wv9', 3.0)]","[('wv9', 1.0)]"
poi,"['5nw', 'fsu', '98q', 'cx9', 'vrj', 'ty0', 'f7n', 'vpi', 'ras', 'go4']","['ty0', 'vpi', 'ras']","['vpi', 'ras', 'go4']","['vpi', 'ras', 'go4']",['go4'],[],"[('5nw', 4.0), ('fsu', 6.0), ('98q', 6.0), ('cx9', 6.0), ('vrj', 6.0), ('ty0', 4.0), ('f7n', 3.0), ('vpi', 3.0), ('ras', 6.0), ('go4', 6.0)]","[('5nw', 5.0), ('fsu', 4.0), ('98q', 5.0), ('cx9', 5.0), ('vrj', 5.0), ('ty0', 3.0), ('f7n', 4.0), ('vpi', 4.0), ('ras', 5.0), ('go4', 2.0)]","[('fsu', 3.0), ('98q', 4.0), ('cx9', 4.0), ('vrj', 4.0), ('ty0', 1.0), ('f7n', 2.0), ('vpi', 3.0), ('ras', 3.0), ('go4', 3.0)]"
6t0,"['j0g', 'g52', 'joy', 'yc4']","['j0g', 'g52', 'joy', 'yc4']","['j0g', 'g52']","['j0g', 'g52', 'yc4']","['j0g', 'g52']",[],"[('j0g', 5.0), ('g52', 6.0), ('joy', 4.0), ('yc4', 4.0)]","[('j0g', 3.0), ('g52', 4.0), ('joy', 0.0), ('yc4', 4.0)]","[('j0g', 1.0), ('g52', 1.0), ('joy', 1.0), ('yc4', 2.0)]"
r9o,"['ctx', '5ci', 'n64']","['ctx', '5ci', 'n64']",['n64'],[],[],['ctx'],"[('ctx', 9.0), ('5ci', 10.0), ('n64', 3.0)]","[('ctx', 7.0), ('5ci', 6.0), ('n64', 4.0)]","[('ctx', 1.0), ('5ci', 1.0), ('n64', 2.0)]"
g1x,['j1i'],['j1i'],[],['j1i'],[],['j1i'],"[('j1i', 4.0)]","[('j1i', 2.0)]","[('j1i', 1.0)]"
kd6,['ka0'],[],[],[],[],[],"[('ka0', 6.0)]","[('ka0', 4.0)]","[('ka0', 1.0)]"
7y2,"['dq4', 'fno', 'w9x', 'hxt']","['dq4', 'fno', 'hxt']",['fno'],"['dq4', 'fno', 'hxt']",[],[],"[('dq4', 5.0), ('fno', 4.0), ('w9x', 0.0), ('hxt', 5.0)]","[('dq4', 4.0), ('fno', 4.0), ('w9x', 4.0), ('hxt', 4.0)]","[('dq4', 1.0), ('fno', 1.0), ('w9x', 1.0), ('hxt', 1.0)]"
qlq,"['msn', '8fi', 'ol7', 'cp4', '7mf', '9vw', '95j']","['msn', '8fi', 'ol7', 'cp4', '9vw', '95j']",['7mf'],[],[],[],"[('msn', 5.0), ('8fi', 6.0), ('ol7', 4.0), ('cp4', 4.0), ('7mf', 4.0), ('9vw', 4.0), ('95j', 6.0)]","[('msn', 3.0), ('8fi', 3.0), ('ol7', 3.0), ('cp4', 4.0), ('7mf', 4.0), ('9vw', 4.0), ('95j', 5.0)]","[('msn', 1.0), ('8fi', 1.0), ('ol7', 1.0), ('cp4', 2.0), ('7mf', 3.0), ('9vw', 2.0), ('95j', 2.0)]"
mjb,"['cx9', 'zrm', '843', 'afp', 'qoh', '8bz', 'g8f', '1k3']","['cx9', 'zrm', '843', 'afp', 'qoh', '8bz', 'g8f', '1k3']",['zrm'],"['cx9', 'zrm', '843']","['cx9', 'zrm']",[],"[('cx9', 6.0), ('zrm', 4.0), ('843', 5.0), ('afp', 7.0), ('qoh', 5.0), ('8bz', 4.0), ('g8f', 5.0), ('1k3', 3.0)]","[('cx9', 3.0), ('zrm', 3.0), ('843', 4.0), ('afp', 4.0), ('qoh', 6.0), ('8bz', 7.0), ('g8f', 6.0), ('1k3', 7.0)]","[('cx9', 1.0), ('zrm', 1.0), ('843', 1.0), ('afp', 2.0), ('qoh', 3.0), ('8bz', 3.0), ('g8f', 3.0), ('1k3', 4.0)]"
fno,"['7y2', 'dq4', 'w9x', 'hxt']","['7y2', 'dq4', 'w9x', 'hxt']",[],"['7y2', 'dq4', 'hxt']",[],[],"[('7y2', 3.0), ('dq4', 3.0), ('w9x', 3.0), ('hxt', 3.0)]","[('7y2', 3.0), ('dq4', 3.0), ('w9x', 3.0), ('hxt', 3.0)]","[('7y2', 1.0), ('dq4', 1.0), ('w9x', 2.0), ('hxt', 1.0)]"
215,[],[],[],[],[],[],[],[],[]
o2r,['mec'],[],[],[],[],['mec'],"[('mec', 1.0)]","[('mec', 2.0)]","[('mec', 1.0)]"
mec,['o2r'],[],[],[],[],['o2r'],"[('o2r', 1.0)]","[('o2r', 5.0)]","[('o2r', 1.0)]"
39j,"['yo0', 'gpm', 'k8p']","['yo0', 'gpm', 'k8p']",[],['k8p'],"['yo0', 'gpm', 'k8p']",[],"[('yo0', 1.0), ('gpm', 1.0), ('k8p', 2.0)]","[('yo0', 4.0), ('gpm', 4.0), ('k8p', 2.0)]","[('yo0', 2.0), ('gpm', 1.0), ('k8p', 1.0)]"
joy,"['w9x', 'dq4', 'g52', 'hxt', '9jr']","['w9x', 'dq4', 'g52', 'hxt', '9jr']","['w9x', 'dq4', 'hxt']","['w9x', 'dq4', 'hxt']",[],[],"[('w9x', 3.0), ('dq4', 3.0), ('g52', 3.0), ('hxt', 3.0), ('9jr', 3.0)]","[('w9x', 6.0), ('dq4', 5.0), ('g52', 4.0), ('hxt', 5.0), ('9jr', 6.0)]","[('w9x', 1.0), ('dq4', 1.0), ('g52', 2.0), ('hxt', 3.0), ('9jr', 4.0)]"
yc4,"['ats', 'om3', 'm7x', 'hjk', '467', '99v', 'g52']","['ats', 'om3', 'hjk', '99v']",[],[],[],[],"[('ats', 0.0), ('om3', 4.0), ('m7x', 0.0), ('hjk', 2.0), ('467', 0.0), ('99v', 4.0), ('g52', 0.0)]","[('ats', 1.0), ('om3', 1.0), ('m7x', 1.0), ('hjk', 1.0), ('467', 1.0), ('99v', 1.0), ('g52', 1.0)]","[('om3', 1.0), ('hjk', 1.0), ('99v', 1.0)]"
hxt,"['joy', 'dq4', 'w9x', 'fno', '7y2']","['dq4', 'w9x']","['joy', 'fno', '7y2']",[],[],[],"[('joy', 2.0), ('dq4', 2.0), ('w9x', 2.0), ('fno', 2.0), ('7y2', 2.0)]","[('joy', 3.0), ('dq4', 3.0), ('w9x', 3.0), ('fno', 3.0), ('7y2', 3.0)]","[('joy', 1.0), ('dq4', 1.0), ('w9x', 1.0), ('fno', 1.0), ('7y2', 1.0)]"
l7r,"['rji', 'poi', '8ke', 'bjp', 'i9d', 'u5b', 'h3h', '30d']","['poi', '8ke', 'bjp', 'i9d', 'u5b', 'h3h', '30d']",[],[],[],[],"[('rji', 5.0), ('poi', 2.0), ('8ke', 4.0), ('bjp', 4.0), ('i9d', 5.0), ('u5b', 3.0), ('h3h', 4.0), ('30d', 4.0)]","[('rji', 4.0), ('poi', 3.0), ('8ke', 2.0), ('bjp', 3.0), ('i9d', 3.0), ('u5b', 3.0), ('h3h', 3.0), ('30d', 3.0)]","[('rji', 1.0), ('poi', 2.0), ('8ke', 1.0), ('bjp', 1.0), ('i9d', 1.0), ('u5b', 1.0), ('h3h', 1.0), ('30d', 1.0)]"
wv9,['28t'],['28t'],['28t'],['28t'],['28t'],[],"[('28t', 1.0)]","[('28t', 3.0)]","[('28t', 1.0)]"
2k4,"['ph3', 'i1l']","['ph3', 'i1l']",[],"['ph3', 'i1l']",[],[],"[('ph3', 4.0), ('i1l', 4.0)]","[('ph3', 0.0), ('i1l', 0.0)]","[('ph3', 1.0), ('i1l', 1.0)]"
rcd,['rcd'],[],[],[],['rcd'],[],"[('rcd', 4.0)]","[('rcd', 6.0)]","[('rcd', 1.0)]"
ty0,"['poi', 'erw', '3ue', 'j0g', 'ier', 'is2', 'e8i']","['poi', '3ue', 'j0g']",['3ue'],"['poi', '3ue']","['poi', '3ue']",[],"[('poi', 4.0), ('erw', 7.0), ('3ue', 2.0), ('j0g', 3.0), ('ier', 6.0), ('is2', 4.0), ('e8i', 7.0)]","[('poi', 4.0), ('erw', 4.0), ('3ue', 4.0), ('j0g', 4.0), ('ier', 4.0), ('is2', 4.0), ('e8i', 4.0)]","[('poi', 1.0), ('erw', 2.0), ('3ue', 3.0), ('j0g', 4.0), ('ier', 3.0), ('is2', 2.0), ('e8i', 7.0)]"
ren,"['nre', 'ktg']",[],[],[],[],[],"[('nre', 1.0), ('ktg', 1.0)]","[('nre', 6.0), ('ktg', 5.0)]","[('nre', 1.0), ('ktg', 2.0)]"
ump,"['qhg', 'r75']",['qhg'],[],"['qhg', 'r75']",['qhg'],[],"[('qhg', 4.0), ('r75', 4.0)]","[('qhg', 4.0), ('r75', 4.0)]","[('qhg', 1.0), ('r75', 2.0)]"
iy3,"['pdp', 'zda']","['pdp', 'zda']",['pdp'],"['pdp', 'zda']",['pdp'],[],"[('pdp', 8.0), ('zda', 6.0)]","[('pdp', 2.0), ('zda', 3.0)]","[('pdp', 1.0), ('zda', 2.0)]"
xlt,[],[],[],[],[],[],[],[],[]
j0g,"['fle', 'w9x', 'gh9', 'g52', 'joy', '6t0', '3ue']","['fle', 'w9x', 'gh9', 'g52', 'joy', '6t0', '3ue']","['w9x', 'g52', 'joy']","['w9x', 'g52', 'joy']","['g52', 'joy']","['w9x', 'g52']","[('fle', 7.0), ('w9x', 6.0), ('gh9', 9.0), ('g52', 8.0), ('joy', 2.0), ('6t0', 4.0), ('3ue', 4.0)]","[('fle', 5.0), ('w9x', 5.0), ('gh9', 6.0), ('g52', 5.0), ('joy', 5.0), ('6t0', 5.0), ('3ue', 5.0)]","[('fle', 3.0), ('w9x', 1.0), ('gh9', 2.0), ('g52', 1.0), ('joy', 1.0), ('6t0', 1.0), ('3ue', 4.0)]"
8ql,"['jed', 'r3x']",['jed'],[],[],[],['r3x'],"[('jed', 4.0), ('r3x', 4.0)]","[('jed', 3.0), ('r3x', 1.0)]","[('jed', 1.0), ('r3x', 1.0)]"
ph3,"['2k4', 'i1l']","['2k4', 'i1l']","['2k4', 'i1l']",['2k4'],[],[],"[('2k4', 4.0), ('i1l', 5.0)]","[('2k4', 6.0), ('i1l', 0.0)]","[('2k4', 1.0), ('i1l', 1.0)]"
pr2,"['tuf', '6b9', 'fle', 'cx9']","['tuf', '6b9', 'cx9']",['tuf'],"['tuf', '6b9', 'cx9']",[],[],"[('tuf', 0.0), ('6b9', 0.0), ('fle', 0.0), ('cx9', 0.0)]","[('tuf', 0.0), ('6b9', 0.0), ('fle', 0.0), ('cx9', 0.0)]","[('tuf', 1.0), ('6b9', 1.0), ('fle', 2.0), ('cx9', 2.0)]"
ier,"['is2', '3ue', '87a']","['is2', '3ue', '87a']","['is2', '3ue']","['is2', '3ue']",['is2'],[],"[('is2', 4.0), ('3ue', 4.0), ('87a', 4.0)]","[('is2', 3.0), ('3ue', 6.0), ('87a', 5.0)]","[('is2', 1.0), ('3ue', 1.0), ('87a', 1.0)]"
g52,"['om3', 'w9x', '6t0', 'j0g', 'joy', '3ue']","['om3', 'w9x', '6t0', 'j0g', 'joy', '3ue']",['j0g'],"['om3', 'w9x', '6t0', 'j0g', 'joy']",['j0g'],['j0g'],"[('om3', 6.0), ('w9x', 6.0), ('6t0', 6.0), ('j0g', 6.0), ('joy', 2.0), ('3ue', 6.0)]","[('om3', 5.0), ('w9x', 5.0), ('6t0', 5.0), ('j0g', 5.0), ('joy', 5.0), ('3ue', 5.0)]","[('om3', 2.0), ('w9x', 1.0), ('6t0', 1.0), ('j0g', 1.0), ('joy', 1.0), ('3ue', 3.0)]"
t6m,"['zit', 'zvr']","['zit', 'zvr']",[],[],[],[],"[('zit', 3.0), ('zvr', 3.0)]","[('zit', 3.0), ('zvr', 2.0)]","[('zit', 1.0), ('zvr', 2.0)]"
1k3,"['0fo', '8bz', 'g8f', 'mjb', 'qoh', '1ds']","['0fo', '8bz', 'g8f', 'qoh', '1ds']","['mjb', 'qoh', '1ds']","['0fo', '8bz', 'g8f', 'mjb', 'qoh', '1ds']","['8bz', 'g8f', 'qoh', '1ds', 'mjb']",[],"[('0fo', 5.0), ('8bz', 4.0), ('g8f', 4.0), ('mjb', 3.0), ('qoh', 3.0), ('1ds', 3.0)]","[('0fo', 6.0), ('8bz', 8.0), ('g8f', 8.0), ('mjb', 5.0), ('qoh', 5.0), ('1ds', 3.0)]","[('0fo', 2.0), ('8bz', 1.0), ('g8f', 1.0), ('mjb', 1.0), ('qoh', 1.0), ('1ds', 1.0)]"
snv,[],[],[],[],[],[],[],[],[]
cwn,"['oi6', '88o']","['oi6', '88o']",[],"['oi6', '88o']",['88o'],['88o'],"[('oi6', 4.0), ('88o', 4.0)]",[],"[('oi6', 1.0), ('88o', 2.0)]"
hjk,"['99v', 'yc4', 'om3', 'i9d']","['99v', 'yc4', 'om3', 'i9d']","['99v', 'om3']","['99v', 'yc4', 'om3', 'i9d']","['99v', 'yc4', 'om3']",['om3'],"[('99v', 6.0), ('yc4', 4.0), ('om3', 6.0), ('i9d', 5.0)]","[('99v', 2.0), ('yc4', 4.0), ('om3', 3.0), ('i9d', 0.0)]","[('99v', 1.0), ('yc4', 1.0), ('om3', 1.0), ('i9d', 2.0)]"
e42,"['n4r', 'l9e', '0fo', 'g52', 'wom', 'zrm', 'cav', 'hro', 'yyj']","['n4r', 'l9e', '0fo', 'g52', 'wom', 'zrm', 'cav', 'yyj']",[],[],['hro'],[],"[('n4r', 6.0), ('l9e', 6.0), ('0fo', 4.0), ('g52', 7.0), ('wom', 7.0), ('zrm', 7.0), ('cav', 7.0), ('hro', 7.0), ('yyj', 7.0)]","[('n4r', 4.0), ('l9e', 4.0), ('0fo', 2.0), ('g52', 7.0), ('zrm', 5.0), ('cav', 3.0), ('hro', 7.0), ('yyj', 7.0)]","[('n4r', 1.0), ('l9e', 1.0), ('0fo', 2.0), ('g52', 2.0), ('wom', 2.0), ('zrm', 2.0), ('cav', 2.0), ('hro', 2.0), ('yyj', 2.0)]"
n4r,"['e42', 'l9e']","['e42', 'l9e']","['e42', 'l9e']","['e42', 'l9e']",[],['e42'],"[('e42', 6.0), ('l9e', 6.0)]","[('e42', 4.0), ('l9e', 5.0)]","[('e42', 1.0), ('l9e', 1.0)]"
xfz,"['x27', '58c', 'gd8']",[],[],"['x27', '58c', 'gd8']","['x27', '58c', 'gd8']",[],"[('x27', 5.0), ('58c', 3.0), ('gd8', 6.0)]","[('x27', 5.0), ('58c', 3.0), ('gd8', 3.0)]","[('x27', 1.0), ('58c', 1.0), ('gd8', 2.0)]"
qoh,"['mjb', 'zrm', '1k3', '0fo', '8bz', 'e6v', 'g8f']","['mjb', 'zrm', '1k3', '0fo', '8bz', 'e6v', 'g8f']",[],[],[],[],"[('mjb', 7.0), ('1k3', 6.0), ('0fo', 7.0), ('8bz', 3.0), ('e6v', 4.0), ('g8f', 4.0)]","[('mjb', 4.0), ('zrm', 4.0), ('1k3', 3.0), ('0fo', 5.0), ('8bz', 5.0), ('e6v', 6.0), ('g8f', 6.0)]","[('mjb', 1.0), ('zrm', 1.0), ('1k3', 1.0), ('0fo', 2.0), ('8bz', 1.0), ('e6v', 1.0), ('g8f', 1.0)]"
k05,['scs'],['scs'],[],[],[],[],"[('scs', 7.0)]","[('scs', 4.0)]","[('scs', 1.0)]"
99v,"['hjk', 'yc4', 'om3']","['hjk', 'yc4', 'om3']",[],"['hjk', 'om3']",[],[],"[('hjk', 2.0), ('yc4', 4.0), ('om3', 5.0)]","[('hjk', 2.0), ('yc4', 3.0), ('om3', 3.0)]","[('hjk', 1.0), ('yc4', 1.0), ('om3', 1.0)]"
dq4,"['joy', 'w9x', 'hxt', '7y2', 'fno']","['joy', 'w9x', 'hxt', 'fno']",['7y2'],[],[],[],"[('joy', 2.0), ('w9x', 4.0), ('hxt', 2.0), ('7y2', 6.0), ('fno', 6.0)]","[('joy', 4.0), ('w9x', 4.0), ('hxt', 4.0), ('7y2', 4.0), ('fno', 4.0)]","[('joy', 1.0), ('w9x', 1.0), ('hxt', 3.0), ('7y2', 2.0), ('fno', 2.0)]"
bf1,['z3j'],['z3j'],[],[],[],[],"[('z3j', 5.0)]","[('z3j', 4.0)]","[('z3j', 1.0)]"
wu1,['1n8'],['1n8'],[],[],[],[],"[('1n8', 4.0)]","[('1n8', 0.0)]","[('1n8', 1.0)]"
fw2,"['scs', 'k05']",[],[],[],"['scs', 'k05']",[],"[('scs', 0.0), ('k05', 0.0)]","[('scs', 0.0), ('k05', 0.0)]","[('scs', 1.0), ('k05', 1.0)]"
cve,[],[],[],[],[],[],[],[],[]
upq,"['oev', 'hyf', 'ier', '6z8', 'hxt']","['oev', 'hyf', 'ier']","['oev', 'ier', '6z8']",['hxt'],"['oev', 'hyf']",['oev'],"[('oev', 7.0), ('hyf', 7.0), ('ier', 6.0), ('6z8', 8.0), ('hxt', 4.0)]","[('oev', 3.0), ('hyf', 4.0), ('ier', 4.0), ('6z8', 6.0), ('hxt', 5.0)]","[('oev', 1.0), ('hyf', 2.0), ('ier', 2.0), ('6z8', 3.0), ('hxt', 4.0)]"
i1l,['ph3'],['ph3'],[],['ph3'],[],[],"[('ph3', 1.0)]","[('ph3', 0.0)]",[]
oev,"['8wd', 'ren', 'ktg', 'wu1', 'nre', '98q']",['98q'],['98q'],['98q'],['98q'],['98q'],"[('8wd', 0.0), ('ren', 0.0), ('ktg', 0.0), ('wu1', 0.0), ('nre', 0.0), ('98q', 0.0)]","[('8wd', 4.0), ('ren', 3.0), ('ktg', 4.0), ('wu1', 5.0), ('nre', 4.0), ('98q', 3.0)]","[('8wd', 3.0), ('ren', 3.0), ('ktg', 2.0), ('wu1', 2.0), ('nre', 2.0), ('98q', 1.0)]"
1n8,['wu1'],['wu1'],[],[],[],[],"[('wu1', 5.0)]","[('wu1', 0.0)]","[('wu1', 1.0)]"
kq7,"['g8f', '8bz', 'afp', 'mjb']","['g8f', '8bz', 'afp', 'mjb']",[],[],[],[],"[('g8f', 4.0), ('8bz', 4.0), ('afp', 4.0), ('mjb', 4.0)]","[('g8f', 3.0), ('8bz', 3.0), ('afp', 3.0), ('mjb', 3.0)]","[('g8f', 1.0), ('8bz', 1.0), ('afp', 2.0), ('mjb', 2.0)]"
ka0,['kd6'],['kd6'],[],[],[],[],"[('kd6', 6.0)]","[('kd6', 6.0)]","[('kd6', 1.0)]"
hyf,"['nre', '98q', '3z0', 'oev', 'vug', '6z8', 'f07']","['nre', '98q', '3z0', 'oev', 'vug', '6z8', 'f07']","['nre', '98q', 'oev', 'vug']","['nre', '98q', 'vug', 'f07']",['vug'],[],"[('nre', 0.0), ('98q', 0.0), ('3z0', 0.0), ('oev', 0.0), ('vug', 0.0), ('6z8', 0.0), ('f07', 0.0)]","[('nre', 3.0), ('98q', 3.0), ('3z0', 2.0), ('oev', 2.0), ('vug', 2.0), ('6z8', 2.0), ('f07', 2.0)]","[('nre', 1.0), ('98q', 1.0), ('3z0', 1.0), ('oev', 1.0), ('vug', 1.0), ('6z8', 1.0), ('f07', 2.0)]"
vug,"['hyf', 'upq', '3z0']",['hyf'],"['hyf', '3z0']","['hyf', 'upq', '3z0']",[],[],"[('hyf', 0.0), ('upq', 0.0), ('3z0', 0.0)]","[('hyf', 2.0), ('upq', 2.0), ('3z0', 2.0)]","[('hyf', 1.0), ('upq', 1.0), ('3z0', 1.0)]"
li1,['cuz'],['cuz'],[],[],[],[],"[('cuz', 6.0)]","[('cuz', 5.0)]","[('cuz', 1.0)]"
gd8,[],[],[],[],[],[],[],[],[]
oi6,[],[],[],[],[],[],[],[],[]
k3y,"['99v', 'muh', '2fc', '0fo']","['99v', '0fo']",[],"['muh', '2fc']",[],[],"[('99v', 0.0), ('muh', 0.0), ('2fc', 0.0), ('0fo', 0.0)]","[('99v', 1.0), ('muh', 0.0), ('2fc', 0.0), ('0fo', 0.0)]","[('99v', 4.0), ('muh', 3.0), ('2fc', 2.0), ('0fo', 1.0)]"
1ds,"['8bz', 'g8f', 'mjb', '1k3', 'qoh', 'pgw']","['8bz', 'g8f', 'mjb', '1k3', 'qoh', 'pgw']","['g8f', '1k3', 'pgw']",[],"['g8f', '1k3']",[],"[('8bz', 0.0), ('g8f', 0.0), ('mjb', 0.0), ('1k3', 0.0), ('qoh', 0.0), ('pgw', 0.0)]","[('8bz', 5.0), ('g8f', 3.0), ('mjb', 4.0), ('1k3', 5.0), ('qoh', 5.0), ('pgw', 3.0)]","[('8bz', 1.0), ('g8f', 1.0), ('mjb', 1.0), ('1k3', 1.0), ('qoh', 1.0), ('pgw', 1.0)]"
yws,"['w9x', 'joy', 'g52']","['w9x', 'joy', 'g52']",[],[],[],[],"[('w9x', 3.0), ('joy', 2.0), ('g52', 3.0)]","[('w9x', 5.0), ('joy', 5.0), ('g52', 5.0)]","[('w9x', 1.0), ('joy', 1.0), ('g52', 1.0)]"
