app_demographic.1.player.age,app_demographic.1.player.edu_family_1gen_f,app_demographic.1.player.edu_family_1gen_m,app_demographic.1.player.edu_family_2gen_f1,app_demographic.1.player.edu_family_2gen_f2,app_demographic.1.player.edu_family_2gen_m1,app_demographic.1.player.edu_family_2gen_m2,app_demographic.1.player.financial_situation_general_current,app_demographic.1.player.financial_situation_general_future,app_demographic.1.player.financial_situation_personal_current,app_demographic.1.player.financial_situation_personal_future,app_demographic.1.player.gender,app_demographic.1.player.postcode,app_demographic.1.player.secondary_year,app_demographic.1.player.time_work,app_end.1.player.feedback,app_end.1.player.network_narrative,app_end.1.player.rnumbercheck,app_end.1.player.time_endpage,app_end.1.player.time_firstendpage,app_migration.1.player.migration_border,app_migration.1.player.migration_culture,app_migration.1.player.migration_eco,app_migration.1.player.migration_limit,app_migration.1.player.migration_return,app_migration.1.player.migration_social,app_network.1.player.linksrechts_self,app_political.1.player.lr_AfD,app_political.1.player.lr_BSW,app_political.1.player.lr_CDU,app_political.1.player.lr_CSU,app_political.1.player.lr_FDP,app_political.1.player.lr_Gruene,app_political.1.player.lr_Linke,app_political.1.player.lr_SPD,app_political.1.player.participation_demonstration,app_political.1.player.petition_signatory,app_political.1.player.politics_question_five,app_political.1.player.politics_question_four,app_political.1.player.politics_question_one,app_political.1.player.politics_question_seven,app_political.1.player.politics_question_six,app_political.1.player.politics_question_three,app_political.1.player.politics_question_two,app_political.1.player.scalo_afd,app_political.1.player.scalo_bsw,app_political.1.player.scalo_cdu,app_political.1.player.scalo_csu,app_political.1.player.scalo_fdp,app_political.1.player.scalo_gruene,app_political.1.player.scalo_linke,app_political.1.player.scalo_pep1,app_political.1.player.scalo_pep10,app_political.1.player.scalo_pep11,app_political.1.player.scalo_pep12,app_political.1.player.scalo_pep13,app_political.1.player.scalo_pep14,app_political.1.player.scalo_pep15,app_political.1.player.scalo_pep16,app_political.1.player.scalo_pep17,app_political.1.player.scalo_pep18,app_political.1.player.scalo_pep19,app_political.1.player.scalo_pep2,app_political.1.player.scalo_pep20,app_political.1.player.scalo_pep3,app_political.1.player.scalo_pep4,app_political.1.player.scalo_pep5,app_political.1.player.scalo_pep6,app_political.1.player.scalo_pep7,app_political.1.player.scalo_pep8,app_political.1.player.scalo_pep9,app_political.1.player.scalo_spd,app_political.1.player.social_networks_1,app_political.1.player.social_networks_10,app_political.1.player.social_networks_11,app_political.1.player.social_networks_12,app_political.1.player.social_networks_13,app_political.1.player.social_networks_2,app_political.1.player.social_networks_3,app_political.1.player.social_networks_4,app_political.1.player.social_networks_5,app_political.1.player.social_networks_6,app_political.1.player.social_networks_7,app_political.1.player.social_networks_8,app_political.1.player.social_networks_9,app_political.1.player.sunday_party_vote,app_start.1.player.browser,app_start.1.player.device_type,app_start.1.player.lang,app_start.1.player.operating_system,app_start.1.player.use_of_device,app_studium.1.player.affective_academic_stress,app_studium.1.player.consecutive_academic_career,app_studium.1.player.fresherscamp_student,app_studium.1.player.freshersweek_student,app_studium.1.player.grade,app_studium.1.player.motivation_extrinsic_goal_1,app_studium.1.player.motivation_extrinsic_goal_2,app_studium.1.player.motivation_extrinsic_goal_3,app_studium.1.player.motivation_extrinsic_goal_4,app_studium.1.player.motivation_intrinsic_goal_1,app_studium.1.player.motivation_intrinsic_goal_2,app_studium.1.player.motivation_intrinsic_goal_3,app_studium.1.player.resource_help,app_studium.1.player.resource_peer,app_studium.1.player.resource_time,app_studium.1.player.semester_of_study,app_studium.1.player.study_program,app_studium.1.player.time_class,app_studium.1.player.tutorial,participant.label,participant.time_started_utc
,,,,,,,2.0,3.0,2.0,3.0,,,,0.0,,,9sx_583645,-999,2025-11-25T15:15:46.341Z,5.0,3.0,5.0,3.0,7.0,6.0,6.0,11,0,7,8,8,3,1,5,2.0,1.0,3,2,4,4,4,4,3,1.0,1.0,5.0,3.0,2.0,6.0,1.0,9,5,1,0,4,1,2,2,7,3,6,7,3,6,0,1,5,3,2,6,6.0,0,0,1.0,1,,0,0,1,0,1,1,1,0,0.0,5.0,3.0,0.0,1.0,1.0,7.0,,,,3.3,6.0,4.0,5.0,6.0,5.0,3.0,5.0,5.0,2.0,3.0,,,,6.0,9sx,2025-11-25 14:58:34.899469
,,,,,,,3.0,2.0,4.0,4.0,,,,0.0,,,kq7_937158,-999,2025-11-25T15:21:50.364Z,4.0,1.0,7.0,6.0,5.0,5.0,5.0,11,4,8,8,6,4,1,5,2.0,1.0,4,3,4,4,4,4,2,1.0,2.0,4.0,4.0,7.0,10.0,8.0,7,0,0,0,4,1,1,4,9,0,0,0,9,11,0,1,0,3,3,0,7.0,1,0,0.0,0,,0,0,1,0,1,1,1,0,7.0,3.0,2.0,0.0,5.0,3.0,6.0,,,,2.0,4.0,6.0,6.0,6.0,5.0,4.0,6.0,0.0,7.0,5.0,,,15.0,6.0,kq7,2025-11-25 15:10:20.957846
,,,,,,,4.0,4.0,4.0,4.0,,,,7.0,,,ff5_298889,-999,2025-11-25T15:21:01.724Z,4.0,1.0,7.0,5.0,7.0,4.0,5.0,10,9,8,9,7,3,2,5,1.0,1.0,4,3,5,4,4,5,3,1.0,1.0,4.0,2.0,4.0,9.0,3.0,11,7,1,0,5,1,1,1,10,2,7,7,8,10,6,1,8,4,2,5,9.0,0,0,0.0,0,,0,0,1,0,1,1,1,1,3.0,3.0,2.0,0.0,4.0,3.0,5.0,,,,2.7,3.0,4.0,4.0,6.0,1.0,1.0,5.0,5.0,1.0,4.0,,,5.0,2.0,ff5,2025-11-25 15:11:04.744924
,,,,,,,4.0,4.0,3.0,3.0,,,,0.0,,,k05_854470,-999,2025-11-25T15:23:01.912Z,1.0,1.0,7.0,1.0,1.0,1.0,3.0,11,8,9,10,7,5,3,6,1.0,1.0,4,2,4,4,4,4,2,1.0,1.0,1.0,1.0,2.0,8.0,10.0,5,7,1,0,1,1,1,1,2,1,0,7,9,7,0,1,9,1,1,7,7.0,0,0,0.0,0,,0,0,1,0,1,1,1,1,6.0,3.0,3.0,0.0,2.0,2.0,3.0,,,,4.0,1.0,1.0,1.0,6.0,3.0,4.0,5.0,6.0,5.0,5.0,,,3.0,6.0,k05,2025-11-25 15:11:44.118716
,,,,,,,3.0,2.0,3.0,1.0,,,,20.0,super,,hpc_995246,-999,2025-11-25T15:18:41.078Z,0.0,5.0,5.0,1.0,3.0,3.0,2.0,6,5,6,0,0,4,4,1,1.0,1.0,1,1,4,2,2,1,4,2.0,2.0,1.0,3.0,2.0,2.0,2.0,1,3,3,4,3,4,3,3,3,3,3,1,3,1,2,2,1,3,5,3,4.0,0,0,1.0,0,,1,0,1,0,1,1,1,1,6.0,3.0,2.0,0.0,5.0,3.0,1.0,,,,2.7,3.0,5.0,6.0,3.0,5.0,3.0,6.0,6.0,2.0,7.0,,,,6.0,hpc,2025-11-25 15:12:21.756096
,,,,,,,4.0,4.0,4.0,4.0,,,,4.0,,,8st_122102,-999,2025-11-25T15:19:06.573Z,6.0,5.0,3.0,7.0,7.0,6.0,7.0,11,3,7,8,6,2,1,4,2.0,2.0,4,3,4,3,4,4,3,3.0,1.0,11.0,11.0,9.0,1.0,1.0,0,4,7,5,10,1,2,4,9,3,6,3,1,2,0,2,6,6,10,6,7.0,0,0,0.0,0,,0,0,1,0,1,1,1,1,1.0,3.0,2.0,0.0,5.0,3.0,3.0,,,,3.0,3.0,5.0,3.0,5.0,4.0,5.0,4.0,4.0,5.0,4.0,,,2.0,2.0,8st,2025-11-25 15:13:24.636131
,,,,,,,3.0,3.0,3.0,3.0,,,,12.0,,,tz9_887123,-999,2025-11-25T15:25:02.052Z,2.0,1.0,4.0,1.0,3.0,3.0,,11,8,9,10,7,5,2,6,1.0,1.0,5,5,5,5,4,4,3,1.0,1.0,2.0,2.0,3.0,7.0,10.0,9,8,1,11,1,1,1,1,5,1,5,8,5,9,8,1,10,2,2,2,8.0,0,0,0.0,0,,0,0,1,0,1,1,1,0,6.0,3.0,2.0,0.0,4.0,3.0,5.0,,,,4.0,4.0,3.0,3.0,6.0,3.0,4.0,4.0,4.0,4.0,4.0,,,,5.0,tz9,2025-11-25 15:13:51.192665
,,,,,,,4.0,3.0,3.0,5.0,,,,0.0,,,v0p_333990,-999,2025-11-25T15:25:10.212Z,1.0,1.0,7.0,2.0,2.0,1.0,3.0,11,6,8,9,7,5,2,5,1.0,1.0,4,2,5,4,5,5,2,1.0,2.0,2.0,2.0,2.0,7.0,9.0,5,4,1,10,1,1,1,1,6,1,6,8,9,9,10,1,9,2,2,2,9.0,1,0,0.0,0,,1,0,1,0,1,1,1,1,6.0,3.0,3.0,0.0,2.0,2.0,5.0,,,,4.0,3.0,4.0,3.0,4.0,6.0,3.0,6.0,4.0,5.0,4.0,,,3.0,1.0,v0p,2025-11-25 15:16:35.940014
,,,,,,,4.0,3.0,4.0,5.0,,,,,,,2hp_631739,-999,2025-11-25T15:28:11.163Z,1.0,2.0,3.0,1.0,4.0,1.0,5.0,10,8,7,7,3,4,0,5,1.0,1.0,5,3,5,5,4,5,3,1.0,1.0,5.0,4.0,3.0,7.0,3.0,7,7,1,4,5,1,1,1,7,3,6,6,8,10,7,1,6,8,4,6,8.0,0,0,1.0,0,,0,0,1,1,1,1,1,1,7.0,3.0,3.0,0.0,2.0,2.0,6.0,,,,2.3,3.0,1.0,4.0,6.0,4.0,6.0,5.0,5.0,3.0,6.0,,,5.0,1.0,2hp,2025-11-25 15:18:09.129559
,,,,,,,4.0,3.0,4.0,3.0,,,,0.0,,,j1i_427319,-999,2025-11-25T15:27:33.286Z,4.0,2.0,4.0,4.0,4.0,4.0,2.0,11,9,8,8,7,4,2,5,1.0,1.0,4,2,4,4,4,3,2,1.0,1.0,2.0,2.0,4.0,8.0,10.0,6,6,1,6,2,2,2,1,3,6,6,5,10,7,6,1,7,4,2,6,7.0,0,0,0.0,0,,1,0,1,0,1,1,1,1,6.0,3.0,3.0,0.0,2.0,2.0,4.0,,,,3.0,5.0,5.0,3.0,7.0,3.0,3.0,3.0,3.0,3.0,3.0,,,1.0,6.0,j1i,2025-11-25 15:19:07.693195
,,,,,,,5.0,4.0,3.0,4.0,,,,10.0,,,g1x_736083,-999,2025-11-25T15:27:42.447Z,6.0,3.0,2.0,6.0,6.0,4.0,3.0,11,9,8,7,6,5,1,3,1.0,1.0,5,3,4,5,5,4,3,1.0,1.0,3.0,3.0,6.0,6.0,3.0,4,1,1,4,2,1,1,0,9,6,6,5,6,6,0,1,5,0,2,0,7.0,0,1,0.0,1,,0,0,1,0,1,1,1,1,0.0,3.0,3.0,0.0,2.0,2.0,7.0,,,,3.0,6.0,6.0,2.0,7.0,6.0,6.0,6.0,5.0,4.0,6.0,,,,6.0,g1x,2025-11-25 15:19:10.800605
,,,,,,,3.0,2.0,4.0,3.0,,,,0.0,,,oi6_567706,-999,2025-11-25T15:36:58.222Z,1.0,1.0,7.0,1.0,2.0,1.0,1.0,11,9,8,9,7,4,2,6,1.0,1.0,4,1,5,3,4,5,2,1.0,1.0,2.0,2.0,2.0,6.0,10.0,5,4,1,10,1,1,1,1,5,2,2,6,0,7,5,1,6,1,3,6,4.0,0,0,1.0,1,,0,0,1,0,1,0,1,0,6.0,3.0,3.0,0.0,2.0,2.0,7.0,,,,3.3,5.0,5.0,7.0,6.0,6.0,6.0,6.0,5.0,7.0,6.0,,,6.0,0.0,oi6,2025-11-25 15:19:31.172228
,,,,,,,3.0,3.0,3.0,3.0,,,,5.0,,,467_337959,-999,2025-11-25T15:27:40.737Z,3.0,2.0,6.0,2.0,6.0,2.0,3.0,11,4,8,8,7,4,1,4,1.0,1.0,4,2,4,4,4,4,2,1.0,6.0,1.0,2.0,3.0,8.0,10.0,0,0,0,0,0,1,1,0,6,0,0,0,0,7,0,1,0,0,2,0,7.0,0,0,0.0,0,,0,0,1,0,0,0,1,1,6.0,3.0,3.0,0.0,2.0,2.0,6.0,,,,3.0,4.0,5.0,6.0,7.0,3.0,4.0,2.0,6.0,5.0,4.0,,,3.0,6.0,467,2025-11-25 15:20:32.347753
,,,,,,,3.0,3.0,4.0,4.0,,,,,,,cwn_899147,-999,2025-11-25T15:37:32.248Z,2.0,1.0,7.0,2.0,2.0,1.0,1.0,11,9,7,8,6,5,2,6,1.0,1.0,5,2,5,4,5,5,1,1.0,1.0,2.0,2.0,4.0,8.0,10.0,4,2,1,0,2,1,1,1,5,2,0,3,10,8,5,1,0,2,2,4,5.0,0,0,1.0,0,,0,0,1,1,1,1,1,1,6.0,2.0,2.0,0.0,4.0,2.0,6.0,,,,3.7,5.0,3.0,7.0,6.0,7.0,3.0,5.0,5.0,6.0,4.0,,,3.0,,cwn,2025-11-25 15:21:10.663529
,,,,,,,4.0,4.0,4.0,4.0,,,,0.0,,,ka0_100797,-999,2025-11-25T15:38:34.616Z,3.0,2.0,7.0,4.0,6.0,3.0,4.0,11,1,8,9,7,4,1,5,1.0,1.0,4,3,5,4,4,5,3,1.0,1.0,7.0,2.0,3.0,10.0,2.0,10,6,1,0,5,1,1,1,9,2,10,5,4,10,0,1,4,3,3,4,7.0,0,0,1.0,0,,0,0,0,1,1,0,1,0,7.0,3.0,1.0,0.0,4.0,2.0,6.0,,,,3.7,3.0,3.0,2.0,4.0,6.0,5.0,5.0,3.0,5.0,5.0,,,4.0,0.0,ka0,2025-11-25 15:22:53.123803
,,,,,,,2.0,2.0,4.0,4.0,,,,0.0,,,kd6_210300,-999,2025-11-25T15:34:45.173Z,7.0,4.0,6.0,6.0,7.0,6.0,6.0,11,5,6,6,6,3,1,4,2.0,1.0,4,3,4,3,3,5,3,2.0,6.0,7.0,7.0,6.0,1.0,2.0,9,0,1,0,7,1,1,1,7,10,0,0,0,6,0,5,0,0,9,0,9.0,0,0,1.0,1,,0,0,1,1,1,1,1,1,9.0,3.0,2.0,0.0,5.0,3.0,4.0,,,,3.3,4.0,4.0,4.0,4.0,1.0,4.0,4.0,4.0,4.0,4.0,,,1.0,,kd6,2025-11-25 15:23:07.411685
,,,,,,,3.0,3.0,4.0,4.0,,,,10.0,,,8fi_473946,-999,2025-11-25T15:38:57.477Z,5.0,1.0,6.0,6.0,6.0,5.0,5.0,11,4,7,8,8,4,1,5,1.0,1.0,5,2,4,4,5,4,2,1.0,6.0,8.0,8.0,7.0,6.0,4.0,8,8,1,0,6,1,1,1,8,1,0,8,7,6,0,1,7,0,8,0,10.0,0,0,0.0,1,,0,0,1,1,1,1,1,1,1.0,3.0,2.0,0.0,5.0,3.0,3.0,,,,2.0,7.0,6.0,7.0,7.0,5.0,3.0,5.0,3.0,5.0,5.0,,,4.0,4.0,8fi,2025-11-25 15:23:53.964302
,,,,,,,1.0,1.0,4.0,5.0,,,,0.0,,,5nw_577881,-999,2025-11-25T15:32:14.216Z,6.0,7.0,7.0,7.0,7.0,7.0,4.0,10,4,8,9,8,5,2,7,1.0,1.0,4,1,4,4,5,5,2,1.0,11.0,2.0,1.0,3.0,3.0,3.0,1,1,0,0,1,1,1,1,3,1,0,1,8,2,0,1,0,1,1,1,4.0,0,0,0.0,1,,1,0,0,1,1,0,1,0,8.0,3.0,2.0,0.0,4.0,3.0,7.0,,,,3.7,1.0,7.0,1.0,7.0,6.0,1.0,1.0,3.0,1.0,7.0,,,,1.0,5nw,2025-11-25 15:24:00.483757
,,,,,,,4.0,4.0,2.0,4.0,,,,0.0,,,5or_873555,-999,2025-11-25T15:25:59.340Z,,,,,,,,0,0,0,0,0,0,0,0,,,0,0,0,0,0,0,0,,,,,,,,0,0,0,0,0,0,0,0,0,0,0,0,0,0,0,0,0,0,0,0,,0,0,0.0,0,,0,0,0,0,0,0,0,0,,3.0,2.0,0.0,4.0,3.0,,,,,,,,,,,,,,,,,,,,5or,2025-11-25 15:24:22.514455
,,,,,,,2.0,2.0,3.0,3.0,,,,0.0,,,3s1_394423,-999,2025-11-25T15:43:25.533Z,3.0,4.0,6.0,3.0,2.0,2.0,8.0,11,0,8,9,10,3,2,6,1.0,1.0,5,4,3,4,4,2,2,1.0,8.0,3.0,3.0,2.0,11.0,10.0,5,0,0,0,3,1,1,0,0,0,0,0,11,0,0,2,0,0,0,0,6.0,0,0,0.0,0,,0,0,0,0,0,0,1,0,6.0,5.0,3.0,0.0,1.0,1.0,3.0,,,,2.7,4.0,2.0,4.0,7.0,5.0,3.0,3.0,5.0,5.0,6.0,,,3.0,3.0,3s1,2025-11-25 15:24:34.924790
,,,,,,,3.0,2.0,3.0,2.0,,,,0.0,Super!,,ump_273046,-999,2025-11-25T15:45:06.992Z,4.0,3.0,4.0,5.0,5.0,4.0,6.0,10,8,7,8,6,2,1,4,1.0,1.0,2,4,4,2,2,4,4,1.0,0.0,8.0,8.0,9.0,7.0,4.0,7,6,2,6,5,1,1,4,5,0,0,0,3,3,0,2,6,7,6,0,7.0,1,1,0.0,0,,0,1,1,1,1,0,1,0,5.0,3.0,3.0,0.0,2.0,2.0,7.0,,,,1.7,6.0,7.0,4.0,7.0,6.0,5.0,4.0,5.0,4.0,5.0,,,,6.0,ump,2025-11-25 15:25:26.793778
,,,,,,,3.0,3.0,4.0,4.0,,,,0.0,,,l9e_798123,-999,2025-11-25T15:37:26.846Z,4.0,4.0,5.0,4.0,4.0,5.0,3.0,11,7,6,6,8,3,1,5,2.0,1.0,0,0,0,0,0,0,0,1.0,1.0,3.0,2.0,6.0,8.0,9.0,6,6,6,6,6,6,6,6,6,6,6,6,6,6,6,6,6,6,6,6,8.0,0,0,0.0,0,,0,0,1,0,1,1,1,1,7.0,3.0,2.0,0.0,5.0,3.0,6.0,,,,2.7,3.0,6.0,5.0,7.0,6.0,6.0,5.0,6.0,6.0,3.0,,,2.0,1.0,l9e,2025-11-25 15:25:31.528904
,,,,,,,3.0,2.0,3.0,3.0,,,,0.0,,,zda_808213,-999,2025-11-25T15:46:22.496Z,5.0,4.0,5.0,4.0,5.0,4.0,3.0,9,5,7,8,6,5,3,6,1.0,1.0,3,2,4,3,2,3,2,1.0,5.0,5.0,4.0,5.0,7.0,8.0,7,6,2,8,4,2,2,1,6,3,5,5,10,8,7,2,8,4,4,6,7.0,0,0,1.0,1,,1,0,1,0,1,1,1,1,6.0,3.0,2.0,0.0,5.0,3.0,7.0,,,,3.0,3.0,5.0,3.0,7.0,4.0,5.0,5.0,3.0,4.0,6.0,,,5.0,5.0,zda,2025-11-25 15:25:33.065668
,,,,,,,2.0,3.0,2.0,0.0,,,,10.0,,,aq6_339503,-999,2025-11-25T15:42:16.027Z,2.0,1.0,6.0,2.0,2.0,4.0,,11,10,9,9,9,4,1,6,1.0,1.0,4,3,4,4,4,3,2,1.0,1.0,1.0,1.0,1.0,9.0,9.0,0,0,0,0,0,0,0,0,0,0,0,0,0,0,0,0,0,0,0,0,8.0,0,0,0.0,0,,0,0,1,1,1,1,1,1,7.0,3.0,3.0,0.0,2.0,2.0,3.0,,,,2.3,2.0,2.0,2.0,3.0,6.0,6.0,3.0,6.0,6.0,6.0,,,3.0,3.0,aq6,2025-11-25 15:32:26.621625
,,,,,,,2.0,0.0,3.0,0.0,,,,0.0,,,dq4_988420,-999,2025-11-25T15:42:55.862Z,4.0,1.0,6.0,4.0,5.0,2.0,3.0,0,6,8,8,5,4,1,4,1.0,1.0,5,2,4,4,5,4,2,1.0,3.0,3.0,3.0,8.0,9.0,10.0,10,9,1,0,2,1,1,1,5,1,0,0,11,10,0,1,0,0,2,0,10.0,0,0,0.0,0,,0,0,1,0,1,1,1,1,3.0,3.0,3.0,0.0,2.0,2.0,4.0,,,,4.0,4.0,3.0,2.0,7.0,6.0,6.0,6.0,4.0,5.0,5.0,,,,3.0,dq4,2025-11-25 15:33:07.905839
,,,,,,,3.0,3.0,3.0,4.0,,,,0.0,,,199_643719,-999,2025-11-25T15:50:28.171Z,3.0,1.0,6.0,1.0,2.0,3.0,1.0,11,5,7,8,8,5,2,6,1.0,1.0,5,2,4,4,2,4,2,1.0,4.0,2.0,2.0,2.0,7.0,11.0,2,0,1,0,1,1,1,1,9,1,0,2,11,9,0,1,0,1,1,0,4.0,0,0,0.0,0,,0,0,1,0,1,1,1,1,6.0,3.0,3.0,1.0,2.0,2.0,7.0,,,,0.0,5.0,4.0,6.0,7.0,5.0,5.0,5.0,5.0,5.0,3.0,,,2.0,3.0,199,2025-11-25 15:33:08.308189
,,,,,,,3.0,4.0,2.0,2.0,,,,5.0,,,28t_723945,-999,2025-11-25T15:42:41.283Z,2.0,2.0,6.0,2.0,2.0,2.0,3.0,11,6,8,7,6,3,1,6,1.0,1.0,4,3,4,4,4,4,4,1.0,4.0,1.0,1.0,6.0,8.0,10.0,6,0,0,0,1,1,1,1,11,1,0,0,11,9,0,1,0,0,4,0,6.0,0,0,0.0,0,,0,0,1,1,1,1,1,1,6.0,3.0,2.0,0.0,5.0,3.0,5.0,,,,1.0,5.0,7.0,4.0,6.0,7.0,6.0,7.0,7.0,7.0,3.0,,,5.0,6.0,28t,2025-11-25 15:33:09.600663
,,,,,,,2.0,3.0,5.0,5.0,,,,10.0,,,r3x_566692,-999,2025-11-25T15:51:31.728Z,2.0,1.0,7.0,1.0,1.0,1.0,3.0,11,9,6,8,7,4,1,5,1.0,1.0,0,0,0,0,0,0,0,1.0,1.0,3.0,1.0,2.0,8.0,9.0,0,0,0,0,0,0,0,0,0,0,0,0,0,0,0,0,0,0,0,0,8.0,0,0,0.0,0,,0,0,1,1,1,1,1,1,3.0,3.0,2.0,0.0,5.0,3.0,6.0,,,,2.7,4.0,5.0,4.0,6.0,4.0,2.0,4.0,6.0,4.0,2.0,,,3.0,3.0,r3x,2025-11-25 15:33:09.636959
,,,,,,,3.0,2.0,4.0,3.0,,,,5.0,👍🏼,,jne_302636,-999,2025-11-25T15:41:37.422Z,3.0,2.0,7.0,4.0,6.0,4.0,4.0,11,5,9,6,5,5,1,5,2.0,1.0,4,2,4,4,4,4,2,1.0,7.0,2.0,4.0,6.0,6.0,9.0,6,6,6,6,6,1,1,5,2,6,0,5,10,5,0,1,6,0,6,6,8.0,0,0,0.0,0,,0,0,1,0,1,1,1,1,6.0,3.0,2.0,0.0,5.0,3.0,7.0,,,,2.7,7.0,6.0,6.0,7.0,4.0,6.0,5.0,7.0,7.0,7.0,,,3.0,1.0,jne,2025-11-25 15:33:10.642189
,,,,,,,3.0,2.0,2.0,2.0,,,,,,,upq_874032,-999,2025-11-25T15:46:46.320Z,3.0,2.0,7.0,2.0,5.0,2.0,3.0,11,10,8,0,7,4,1,5,1.0,1.0,5,0,4,4,4,4,3,0.0,0.0,0.0,0.0,0.0,0.0,0.0,0,0,0,0,0,0,0,0,0,0,0,0,0,0,0,0,0,0,0,0,0.0,0,0,0.0,0,,0,0,1,0,1,1,1,1,6.0,3.0,3.0,0.0,2.0,2.0,7.0,,,,4.0,4.0,5.0,3.0,5.0,7.0,5.0,6.0,6.0,6.0,5.0,,,6.0,6.0,upq,2025-11-25 15:33:11.001361
,,,,,,,3.0,3.0,2.0,3.0,,,,4.0,,,98q_113141,-999,2025-11-25T15:41:46.692Z,3.0,1.0,6.0,1.0,2.0,2.0,3.0,11,9,7,8,6,3,2,4,1.0,1.0,4,4,4,4,4,4,3,1.0,1.0,1.0,1.0,7.0,8.0,8.0,6,0,1,0,2,1,1,0,3,0,0,5,7,8,0,1,0,0,3,0,8.0,0,0,0.0,0,,0,0,0,0,0,0,1,0,3.0,3.0,2.0,0.0,5.0,3.0,7.0,,,,2.0,6.0,6.0,7.0,7.0,6.0,6.0,7.0,6.0,7.0,7.0,,,3.0,6.0,98q,2025-11-25 15:33:11.370576
,,,,,,,4.0,0.0,4.0,4.0,,,,0.0,,,afp_624371,-999,2025-11-25T15:51:34.281Z,2.0,1.0,6.0,2.0,4.0,3.0,3.0,10,7,7,8,7,4,2,5,1.0,1.0,4,2,3,4,3,4,2,1.0,3.0,3.0,2.0,2.0,5.0,9.0,8,9,1,0,4,1,1,1,4,1,3,0,9,4,0,2,0,0,3,6,8.0,0,0,1.0,1,,1,0,1,0,1,0,1,0,6.0,3.0,2.0,0.0,5.0,3.0,6.0,,,,1.7,6.0,6.0,6.0,6.0,5.0,3.0,5.0,7.0,6.0,5.0,,,4.0,3.0,afp,2025-11-25 15:33:11.839698
,,,,,,,3.0,4.0,4.0,4.0,,,,0.0,,,joy_170559,-999,2025-11-25T15:42:11.464Z,3.0,4.0,6.0,4.0,5.0,4.0,5.0,11,9,7,7,4,7,2,6,1.0,1.0,4,3,4,5,4,2,3,1.0,1.0,8.0,6.0,4.0,7.0,10.0,10,8,1,6,6,1,2,2,9,4,9,6,4,7,8,1,6,9,7,6,7.0,0,0,0.0,0,,0,0,1,0,0,0,1,0,6.0,3.0,3.0,0.0,2.0,2.0,3.0,,,,1.3,6.0,6.0,6.0,7.0,5.0,5.0,6.0,4.0,5.0,7.0,,,3.0,3.0,joy,2025-11-25 15:33:12.048521
,,,,,,,3.0,3.0,4.0,4.0,,,,0.0,Spannend,,4aw_589643,-999,2025-11-25T15:47:28.675Z,3.0,4.0,5.0,5.0,4.0,4.0,6.0,11,1,7,8,7,3,2,4,2.0,2.0,4,3,4,4,4,4,3,1.0,1.0,9.0,9.0,9.0,8.0,2.0,10,9,1,0,10,1,4,3,8,6,10,8,6,8,0,1,0,9,10,0,7.0,0,0,0.0,0,,0,1,1,1,1,1,1,0,5.0,3.0,3.0,0.0,2.0,2.0,7.0,,,,2.7,7.0,6.0,6.0,7.0,5.0,4.0,7.0,3.0,4.0,7.0,,,6.0,2.0,4aw,2025-11-25 15:33:12.182954
,,,,,,,3.0,4.0,3.0,3.0,,,,0.0,Sehr offene Fragen ,,4z1_336219,-999,2025-11-25T16:50:07.045Z,,1.0,5.0,4.0,3.0,2.0,5.0,11,6,8,9,7,5,1,6,1.0,2.0,4,2,4,4,5,4,2,1.0,,1.0,1.0,1.0,7.0,1.0,9,4,1,0,1,1,1,1,7,1,0,0,6,10,0,1,0,1,1,1,6.0,0,0,0.0,1,,0,0,1,0,1,1,1,0,7.0,3.0,3.0,0.0,2.0,2.0,7.0,,,,2.7,7.0,7.0,6.0,7.0,7.0,6.0,7.0,6.0,3.0,6.0,,,5.0,6.0,4z1,2025-11-25 15:33:12.865376
,,,,,,,4.0,4.0,3.0,4.0,,,,0.0,,,tuf_996979,-999,-999,2.0,2.0,6.0,2.0,3.0,3.0,2.0,11,10,8,8,0,3,1,5,1.0,1.0,4,2,4,3,4,2,4,1.0,1.0,3.0,3.0,3.0,9.0,9.0,7,8,1,0,3,1,1,1,6,1,0,8,9,9,9,1,0,8,2,0,9.0,0,0,0.0,0,,0,0,1,1,1,1,1,1,3.0,3.0,3.0,0.0,2.0,2.0,6.0,,,,3.3,3.0,2.0,2.0,6.0,6.0,6.0,5.0,5.0,6.0,5.0,,,3.0,1.0,tuf,2025-11-25 15:33:13.461621
,,,,,,,2.0,2.0,4.0,4.0,,,,2.0,,,00v_369029,-999,2025-11-25T15:45:03.052Z,6.0,5.0,4.0,7.0,7.0,7.0,7.0,2,1,6,6,7,6,1,5,2.0,1.0,4,2,3,5,1,4,2,2.0,2.0,6.0,6.0,7.0,5.0,6.0,9,6,2,0,4,1,1,1,3,8,1,0,1,5,0,2,0,0,4,0,4.0,0,0,1.0,0,,1,0,1,0,1,0,1,0,0.0,3.0,2.0,0.0,5.0,3.0,5.0,,,,,7.0,6.0,7.0,7.0,4.0,6.0,3.0,4.0,1.0,2.0,,,10.0,,00v,2025-11-25 15:33:13.476185
,,,,,,,3.0,3.0,4.0,4.0,,,,0.0,,,zme_113077,-999,2025-11-25T15:41:52.533Z,6.0,6.0,5.0,6.0,,7.0,6.0,10,10,5,5,5,5,1,5,2.0,2.0,1,3,2,1,4,1,3,1.0,1.0,6.0,6.0,6.0,6.0,1.0,6,6,6,6,6,6,6,6,6,6,6,6,6,6,6,6,6,6,6,6,6.0,0,0,0.0,0,,0,0,1,1,1,0,1,1,2.0,3.0,2.0,0.0,5.0,3.0,3.0,,,,4.0,4.0,3.0,3.0,7.0,5.0,6.0,4.0,5.0,4.0,3.0,,,0.0,1.0,zme,2025-11-25 15:33:13.922531
,,,,,,,4.0,3.0,3.0,3.0,,,,15.0,,,zit_158991,-999,2025-11-25T15:47:07.900Z,3.0,3.0,6.0,3.0,3.0,2.0,4.0,11,0,8,9,7,4,2,5,1.0,1.0,4,3,4,4,4,4,2,1.0,0.0,3.0,2.0,5.0,8.0,8.0,6,0,4,0,4,1,2,4,6,5,0,6,9,9,0,1,0,4,3,0,7.0,0,0,0.0,0,,0,0,1,0,1,1,1,1,7.0,3.0,3.0,0.0,2.0,2.0,3.0,,,,2.0,4.0,0.0,4.0,5.0,5.0,4.0,6.0,5.0,5.0,4.0,,,25.0,1.0,zit,2025-11-25 15:33:14.906432
,,,,,,,4.0,4.0,5.0,5.0,,,,,,,qhg_460667,-999,2025-11-25T15:44:53.391Z,6.0,1.0,5.0,4.0,5.0,4.0,6.0,9,6,7,8,6,3,2,4,1.0,1.0,5,5,4,5,5,4,4,1.0,1.0,4.0,4.0,7.0,10.0,3.0,10,10,1,0,5,1,1,1,11,6,10,0,9,10,0,1,1,3,3,3,8.0,0,0,1.0,1,,0,0,1,0,1,1,1,0,3.0,3.0,3.0,0.0,2.0,2.0,7.0,,,,3.0,7.0,5.0,7.0,7.0,6.0,3.0,7.0,7.0,6.0,7.0,,,,4.0,qhg,2025-11-25 15:33:14.917128
,,,,,,,4.0,4.0,4.0,4.0,,,,10.0,,,q9a_859961,-999,2025-11-25T15:46:32.873Z,4.0,1.0,7.0,3.0,4.0,1.0,4.0,11,2,8,9,8,4,2,5,2.0,1.0,4,4,4,4,4,4,4,1.0,1.0,6.0,5.0,5.0,7.0,5.0,8,11,1,0,6,1,1,1,8,1,7,10,6,10,0,1,0,4,3,0,10.0,0,0,0.0,0,,0,1,1,0,1,0,1,0,3.0,3.0,2.0,0.0,5.0,3.0,5.0,,,,2.0,4.0,7.0,6.0,7.0,7.0,3.0,5.0,5.0,4.0,7.0,,,6.0,3.0,q9a,2025-11-25 15:33:15.311419
,,,,,,,2.0,2.0,1.0,2.0,,,,20.0,,,15f_446949,-999,2025-11-25T15:46:33.542Z,1.0,1.0,7.0,1.0,1.0,6.0,2.0,10,7,8,8,8,6,5,6,1.0,2.0,4,1,4,4,3,4,1,1.0,6.0,1.0,1.0,1.0,6.0,8.0,1,0,1,0,1,1,1,1,1,1,1,8,11,4,0,1,0,0,1,0,6.0,0,0,0.0,0,,1,0,0,0,1,1,1,0,6.0,3.0,2.0,0.0,5.0,3.0,6.0,,,,2.7,7.0,6.0,3.0,6.0,6.0,5.0,6.0,6.0,6.0,6.0,,,15.0,0.0,15f,2025-11-25 15:33:16.408559
,,,,,,,4.0,4.0,5.0,5.0,,,,,,,58c_569019,-999,-999,4.0,3.0,6.0,3.0,3.0,3.0,4.0,11,9,8,9,6,4,3,5,1.0,1.0,4,3,4,4,4,5,4,1.0,2.0,5.0,4.0,6.0,8.0,7.0,10,8,1,7,5,1,2,2,7,4,6,8,6,9,6,2,5,4,11,6,10.0,0,0,1.0,1,,0,1,1,1,1,1,1,0,3.0,3.0,3.0,0.0,2.0,2.0,5.0,,,,3.0,3.0,4.0,5.0,5.0,3.0,3.0,3.0,6.0,5.0,5.0,,,,4.0,58c,2025-11-25 15:33:16.535974
,,,,,,,4.0,0.0,3.0,3.0,,,,0.0,,,li1_315352,-999,-999,4.0,1.0,6.0,0.0,0.0,1.0,4.0,9,0,0,0,0,3,2,0,1.0,1.0,4,2,0,4,4,2,0,1.0,0.0,0.0,0.0,0.0,8.0,8.0,0,0,0,0,6,1,1,1,5,0,4,0,8,0,0,0,0,0,0,0,0.0,0,0,1.0,0,,0,1,1,0,1,0,1,0,6.0,3.0,2.0,1.0,5.0,3.0,7.0,,,,2.3,5.0,6.0,6.0,6.0,3.0,5.0,6.0,5.0,7.0,2.0,,,8.0,4.0,li1,2025-11-25 15:33:16.812195
,,,,,,,2.0,2.0,2.0,3.0,,,,10.0,,,rcd_814124,-999,2025-11-25T15:45:02.444Z,6.0,5.0,4.0,7.0,7.0,5.0,6.0,10,4,6,7,8,3,1,4,1.0,1.0,2,2,4,3,3,2,2,1.0,0.0,8.0,8.0,7.0,4.0,1.0,0,0,5,0,4,4,4,4,4,4,0,0,3,5,0,3,0,0,9,0,5.0,0,0,0.0,0,,1,0,1,0,1,0,1,0,1.0,3.0,2.0,0.0,5.0,3.0,7.0,,,,2.0,6.0,7.0,7.0,7.0,3.0,5.0,5.0,3.0,3.0,4.0,,,7.0,4.0,rcd,2025-11-25 15:33:16.798914
2005.0,2.0,1.0,1.0,0.0,2.0,1.0,3.0,4.0,2.0,3.0,2.0,76.0,2024.0,0.0,,,un5_737762,-999,2025-11-25T16:12:15.566Z,5.0,2.0,6.0,3.0,6.0,3.0,7.0,11,4,6,7,7,4,1,5,1.0,2.0,4,4,4,4,3,3,2,1.0,2.0,8.0,6.0,5.0,4.0,3.0,10,9,1,0,7,2,7,4,8,2,0,7,3,6,0,2,3,5,6,0,8.0,0,0,1.0,0,,0,0,0,0,1,1,1,0,3.0,3.0,2.0,0.0,5.0,3.0,7.0,1.0,2.0,1.0,3.7,2.0,3.0,3.0,5.0,5.0,4.0,7.0,5.0,7.0,5.0,1.0,2.0,5.0,3.0,un5,2025-11-25 15:33:17.082243
,,,,,,,2.0,2.0,1.0,1.0,,,,0.0,,,8lm_687786,-999,2025-11-25T15:44:33.466Z,4.0,1.0,4.0,6.0,7.0,5.0,5.0,11,9,7,8,6,4,1,6,2.0,1.0,5,3,4,5,5,4,2,1.0,7.0,8.0,7.0,9.0,2.0,5.0,0,6,0,0,2,7,1,0,6,8,0,0,2,4,0,1,0,0,7,0,9.0,0,0,1.0,0,,0,0,1,0,1,1,1,1,9.0,3.0,3.0,0.0,2.0,2.0,7.0,,,,1.3,1.0,1.0,7.0,7.0,4.0,4.0,1.0,4.0,5.0,7.0,,,10.0,1.0,8lm,2025-11-25 15:33:17.213994
,,,,,,,3.0,3.0,4.0,4.0,,,,0.0,,,87a_834027,-999,2025-11-25T15:40:43.337Z,4.0,1.0,6.0,2.0,4.0,2.0,4.0,11,0,8,8,7,6,2,5,1.0,1.0,5,1,5,5,5,5,1,1.0,1.0,1.0,1.0,1.0,5.0,11.0,1,1,1,1,1,1,1,1,1,1,1,1,1,1,1,1,1,1,1,1,5.0,1,1,0.0,0,,1,1,1,0,1,1,1,1,0.0,3.0,2.0,0.0,5.0,3.0,7.0,,,,2.7,6.0,6.0,4.0,7.0,5.0,4.0,6.0,6.0,6.0,6.0,,,,2.0,87a,2025-11-25 15:33:17.430233
,,,,,,,2.0,3.0,4.0,4.0,,,,3.0,Good,,8bz_834312,-999,2025-11-25T15:46:16.969Z,6.0,1.0,6.0,4.0,5.0,3.0,6.0,11,2,6,6,6,2,1,5,2.0,2.0,3,3,3,3,3,3,3,1.0,1.0,11.0,11.0,5.0,1.0,1.0,0,0,0,0,11,1,1,1,6,8,8,0,1,1,0,1,0,0,11,0,7.0,0,0,0.0,0,,0,0,1,0,0,0,0,0,1.0,3.0,2.0,1.0,5.0,3.0,6.0,,,,2.7,5.0,5.0,6.0,6.0,4.0,5.0,5.0,3.0,4.0,7.0,,,4.0,4.0,8bz,2025-11-25 15:33:17.662674
,,,,,,,3.0,3.0,4.0,3.0,,,,0.0,,,iqk_657417,-999,2025-11-25T15:47:20.412Z,3.0,1.0,7.0,2.0,4.0,3.0,4.0,9,7,8,8,6,4,1,5,2.0,1.0,4,4,5,4,4,4,4,1.0,1.0,3.0,3.0,4.0,10.0,9.0,10,10,1,7,5,1,1,3,9,3,6,9,10,10,6,1,6,3,4,6,10.0,0,0,0.0,0,,0,0,1,0,1,0,1,0,7.0,3.0,1.0,0.0,4.0,2.0,3.0,,,,3.0,5.0,6.0,2.0,7.0,3.0,3.0,6.0,6.0,7.0,7.0,,,7.0,2.0,iqk,2025-11-25 15:33:17.712442
,,,,,,,4.0,3.0,3.0,2.0,,,,,,,ak1_407716,-999,2025-11-25T15:41:30.649Z,1.0,1.0,7.0,1.0,1.0,2.0,1.0,11,7,7,8,10,2,1,4,1.0,1.0,5,3,4,5,5,4,3,1.0,2.0,2.0,1.0,2.0,11.0,11.0,0,0,0,0,0,0,0,0,0,0,0,0,0,0,0,0,0,0,0,0,9.0,0,0,0.0,0,,0,0,1,0,0,0,1,0,7.0,3.0,2.0,0.0,5.0,3.0,1.0,,,,,3.0,4.0,4.0,6.0,6.0,4.0,4.0,5.0,6.0,4.0,,,1.0,,ak1,2025-11-25 15:33:17.746779
,,,,,,,3.0,3.0,4.0,4.0,,,,0.0,,,hxt_509585,-999,2025-11-25T15:51:10.009Z,3.0,2.0,6.0,3.0,0.0,4.0,4.0,11,9,9,9,7,4,2,5,1.0,1.0,4,3,4,4,4,4,2,1.0,1.0,1.0,1.0,5.0,10.0,10.0,9,4,1,6,1,1,1,1,6,1,6,7,8,9,6,1,6,3,2,2,9.0,0,0,0.0,0,,0,0,1,0,0,0,0,0,7.0,3.0,3.0,0.0,2.0,2.0,6.0,,,,2.3,4.0,4.0,2.0,6.0,3.0,2.0,5.0,6.0,4.0,6.0,,,6.0,2.0,hxt,2025-11-25 15:33:18.508152
,,,,,,,4.0,4.0,4.0,4.0,,,,,,,it8_790577,-999,2025-11-25T15:47:09.715Z,6.0,6.0,6.0,5.0,6.0,4.0,7.0,10,5,7,8,6,3,1,4,1.0,2.0,4,4,4,3,4,4,3,1.0,1.0,9.0,8.0,10.0,4.0,1.0,9,10,1,0,3,1,1,1,9,1,0,9,6,10,8,1,0,5,3,9,7.0,0,0,0.0,0,,1,0,1,0,1,1,1,1,1.0,3.0,2.0,0.0,5.0,3.0,6.0,,,,3.0,3.0,3.0,2.0,7.0,4.0,5.0,5.0,6.0,7.0,6.0,,,7.0,6.0,it8,2025-11-25 15:33:18.695235
,,,,,,,3.0,2.0,4.0,5.0,,,,12.0,,,0fo_324962,-999,2025-11-25T15:49:15.138Z,7.0,5.0,2.0,7.0,7.0,5.0,5.0,11,8,6,7,4,4,1,5,2.0,1.0,5,4,5,5,5,5,3,1.0,1.0,8.0,7.0,8.0,7.0,5.0,8,8,1,6,4,1,1,1,4,2,6,8,4,11,8,3,3,4,7,4,6.0,0,0,0.0,0,,0,1,1,0,1,1,1,1,5.0,3.0,3.0,0.0,2.0,1.0,6.0,,,,2.0,7.0,7.0,6.0,7.0,2.0,3.0,6.0,2.0,7.0,5.0,,,,4.0,0fo,2025-11-25 15:33:18.798945
,,,,,,,3.0,4.0,4.0,4.0,,,,8.0,,,2k4_856041,-999,2025-11-25T15:44:25.431Z,7.0,2.0,6.0,3.0,5.0,6.0,5.0,0,0,0,0,0,0,0,0,2.0,1.0,4,2,4,3,4,1,1,0.0,0.0,0.0,0.0,0.0,0.0,0.0,0,0,0,0,0,0,0,0,0,0,0,0,0,0,0,1,0,0,0,0,0.0,1,0,0.0,0,,0,0,1,0,1,0,1,1,11.0,3.0,2.0,1.0,5.0,2.0,7.0,,,,2.0,7.0,7.0,5.0,7.0,5.0,3.0,7.0,6.0,5.0,5.0,,,5.0,4.0,2k4,2025-11-25 15:33:18.823601
,,,,,,,4.0,4.0,4.0,5.0,,,,0.0,,,jed_489222,-999,2025-11-25T15:45:56.197Z,2.0,2.0,7.0,2.0,6.0,2.0,3.0,11,8,7,7,8,3,1,5,1.0,1.0,5,4,4,5,5,5,4,1.0,1.0,3.0,2.0,3.0,11.0,7.0,10,9,1,7,4,1,1,1,10,1,8,9,11,11,11,1,7,3,1,2,9.0,0,0,0.0,0,,1,0,1,1,1,1,1,0,7.0,2.0,2.0,0.0,4.0,3.0,4.0,,,,1.7,5.0,4.0,6.0,4.0,5.0,3.0,4.0,5.0,5.0,6.0,,,6.0,6.0,jed,2025-11-25 15:33:19.156060
,,,,,,,3.0,2.0,4.0,4.0,,,,0.0,,,ras_951698,-999,2025-11-25T15:44:56.886Z,6.0,5.0,5.0,5.0,4.0,5.0,5.0,11,10,9,8,7,3,1,4,1.0,2.0,4,2,4,4,4,3,2,1.0,2.0,5.0,3.0,5.0,9.0,8.0,0,0,0,0,3,1,1,1,6,4,6,0,8,10,0,1,0,3,3,0,9.0,0,0,0.0,0,,0,0,1,0,1,0,1,0,3.0,3.0,3.0,1.0,2.0,2.0,6.0,,,,2.0,4.0,4.0,5.0,7.0,3.0,5.0,5.0,6.0,6.0,6.0,,,6.0,6.0,ras,2025-11-25 15:33:19.316810
,,,,,,,3.0,2.0,3.0,2.0,,,,0.0,,,oev_986096,-999,2025-11-25T15:46:11.914Z,2.0,1.0,6.0,2.0,2.0,4.0,3.0,10,8,7,8,6,4,1,5,1.0,1.0,4,1,4,4,4,4,2,1.0,3.0,3.0,2.0,5.0,8.0,10.0,8,6,1,0,2,1,1,1,6,2,0,0,8,8,0,1,0,4,3,0,8.0,0,0,1.0,0,,0,0,1,1,1,1,1,1,6.0,3.0,3.0,0.0,2.0,2.0,5.0,,,,3.0,5.0,4.0,5.0,6.0,5.0,5.0,6.0,6.0,6.0,6.0,,,4.0,6.0,oev,2025-11-25 15:33:19.801017
,,,,,,,3.0,3.0,2.0,2.0,,,,3.0,,,osf_515259,-999,2025-11-25T15:45:57.213Z,0.0,2.0,6.0,0.0,5.0,0.0,5.0,11,0,9,10,7,3,1,5,2.0,1.0,4,3,3,3,4,4,2,1.0,2.0,1.0,1.0,0.0,8.0,7.0,0,0,0,0,1,1,1,0,0,0,0,0,7,0,0,1,0,0,1,0,7.0,0,0,0.0,0,,0,0,1,0,1,0,1,0,3.0,3.0,3.0,0.0,2.0,2.0,4.0,,,,3.3,4.0,5.0,3.0,5.0,3.0,0.0,5.0,4.0,4.0,7.0,,,12.0,4.0,osf,2025-11-25 15:33:20.146788
,,,,,,,2.0,4.0,3.0,4.0,,,,0.0,,,3dg_776326,-999,2025-11-25T15:42:51.207Z,6.0,6.0,4.0,6.0,6.0,6.0,6.0,0,2,8,10,8,4,1,5,2.0,1.0,4,4,4,4,4,2,0,1.0,2.0,9.0,3.0,9.0,7.0,4.0,6,6,6,6,8,1,1,3,7,2,6,6,3,4,6,1,5,11,2,6,11.0,0,0,0.0,0,,0,0,1,0,0,0,1,1,3.0,3.0,3.0,0.0,2.0,2.0,7.0,,,,3.3,2.0,2.0,3.0,7.0,2.0,3.0,3.0,6.0,4.0,6.0,,,,1.0,3dg,2025-11-25 15:33:20.278252
,,,,,,,4.0,4.0,3.0,2.0,,,,0.0,,,a3g_782564,-999,2025-11-25T15:41:30.701Z,5.0,3.0,5.0,5.0,7.0,3.0,7.0,11,2,8,8,7,5,1,6,1.0,2.0,4,3,4,4,4,4,2,2.0,2.0,9.0,9.0,8.0,4.0,2.0,9,2,2,2,8,1,1,1,1,1,1,9,1,6,6,2,2,2,2,2,10.0,0,0,0.0,1,,0,0,1,0,1,1,1,0,3.0,3.0,3.0,0.0,2.0,2.0,6.0,,,,1.7,5.0,5.0,6.0,6.0,6.0,4.0,7.0,6.0,5.0,6.0,,,3.0,2.0,a3g,2025-11-25 15:33:20.431473
1998.0,2.0,2.0,1.0,1.0,1.0,1.0,3.0,4.0,4.0,4.0,1.0,22.0,2018.0,18.0,Zu lang ,,8wd_917814,-999,2025-11-25T15:47:24.435Z,1.0,1.0,7.0,1.0,1.0,1.0,1.0,0,6,8,8,7,4,1,6,1.0,1.0,2,2,2,2,2,2,2,6.0,6.0,6.0,6.0,6.0,6.0,6.0,6,6,6,6,6,6,6,6,6,6,6,6,6,6,6,6,6,6,6,6,6.0,0,0,0.0,0,,0,0,1,0,0,0,0,0,6.0,3.0,2.0,0.0,5.0,3.0,4.0,1.0,5.0,1.0,3.0,3.0,4.0,1.0,5.0,4.0,4.0,7.0,6.0,6.0,4.0,1.0,2.0,12.0,2.0,8wd,2025-11-25 15:33:20.524375
,,,,,,,4.0,4.0,3.0,3.0,,,,0.0,,,iy3_185768,-999,2025-11-25T15:47:02.836Z,3.0,2.0,7.0,2.0,6.0,2.0,3.0,10,3,6,7,4,3,2,4,1.0,1.0,4,2,3,4,4,4,3,1.0,5.0,6.0,5.0,6.0,10.0,9.0,7,7,0,0,5,1,1,1,5,3,0,0,7,9,0,1,0,0,4,0,9.0,1,0,0.0,0,,0,1,1,0,1,1,1,0,7.0,3.0,3.0,0.0,2.0,2.0,1.0,,,,3.0,1.0,4.0,3.0,4.0,5.0,4.0,6.0,5.0,3.0,6.0,,,2.0,3.0,iy3,2025-11-25 15:33:20.683706
,,,,,,,2.0,2.0,3.0,3.0,,,,5.0,,,zvr_449508,-999,-999,2.0,2.0,6.0,2.0,2.0,2.0,3.0,11,9,8,8,7,4,2,6,1.0,1.0,4,2,3,4,4,2,2,1.0,2.0,4.0,3.0,3.0,9.0,9.0,0,6,0,0,2,1,1,0,0,0,0,0,0,10,0,1,0,0,2,0,5.0,0,0,0.0,0,,0,0,1,0,1,1,1,0,7.0,3.0,3.0,0.0,2.0,2.0,6.0,,,,2.0,2.0,5.0,6.0,3.0,5.0,3.0,6.0,4.0,4.0,6.0,,,5.0,6.0,zvr,2025-11-25 15:33:20.786235
,,,,,,,3.0,3.0,4.0,4.0,,,,8.0,,,dn0_272157,-999,2025-11-25T15:42:29.723Z,5.0,1.0,6.0,4.0,5.0,2.0,6.0,9,9,7,8,5,4,2,5,2.0,2.0,3,4,4,4,4,4,4,1.0,2.0,3.0,2.0,6.0,8.0,5.0,8,3,2,5,2,2,2,2,7,4,3,8,3,9,5,2,3,3,2,3,7.0,0,1,0.0,0,,0,0,1,0,1,0,1,0,0.0,3.0,3.0,0.0,2.0,2.0,6.0,,,,3.0,2.0,5.0,6.0,7.0,5.0,4.0,4.0,5.0,4.0,4.0,,,4.0,1.0,dn0,2025-11-25 15:33:21.400187
,,,,,,,3.0,4.0,5.0,5.0,,,,15.0,danke,,wep_998933,-999,2025-11-25T15:41:18.513Z,4.0,4.0,4.0,4.0,4.0,4.0,3.0,10,4,8,9,7,8,2,6,1.0,1.0,4,4,4,4,4,4,4,6.0,6.0,6.0,6.0,6.0,6.0,6.0,6,9,1,7,4,2,1,1,2,3,1,1,10,11,4,1,0,7,3,2,6.0,0,0,0.0,0,,0,0,0,0,1,0,0,0,6.0,3.0,2.0,0.0,5.0,3.0,3.0,,,,3.0,2.0,3.0,4.0,4.0,2.0,3.0,4.0,2.0,2.0,2.0,,,2.0,1.0,wep,2025-11-25 15:33:21.295770
,,,,,,,3.0,4.0,4.0,4.0,,,,0.0,,,h3h_225424,-999,2025-11-25T15:51:53.588Z,2.0,2.0,7.0,2.0,2.0,2.0,2.0,11,9,7,8,9,3,2,4,1.0,1.0,4,4,3,4,4,0,2,1.0,1.0,1.0,1.0,1.0,7.0,11.0,0,0,0,0,1,1,1,1,3,1,0,0,11,0,0,1,0,0,1,0,6.0,0,0,0.0,0,,0,0,1,0,1,0,1,1,6.0,3.0,3.0,0.0,2.0,2.0,7.0,,,,3.7,6.0,6.0,4.0,7.0,4.0,5.0,7.0,6.0,7.0,7.0,,,3.0,6.0,h3h,2025-11-25 15:33:21.576266
,,,,,,,2.0,2.0,4.0,3.0,,,,,,,6b9_944302,-999,2025-11-25T16:51:08.968Z,1.0,1.0,5.0,1.0,1.0,2.0,1.0,11,0,11,11,11,9,1,8,1.0,0.0,4,1,4,4,4,5,1,1.0,1.0,1.0,1.0,1.0,4.0,10.0,3,1,1,0,1,1,1,1,0,1,0,0,0,9,0,1,0,1,1,0,4.0,0,0,0.0,0,,0,0,1,1,1,1,1,0,6.0,3.0,1.0,0.0,5.0,2.0,7.0,,,,3.3,4.0,6.0,5.0,0.0,5.0,6.0,7.0,6.0,3.0,4.0,,,4.0,6.0,6b9,2025-11-25 15:33:22.546738
,,,,,,,3.0,3.0,4.0,3.0,,,,0.0,,,m7x_586153,-999,2025-11-25T15:47:36.742Z,4.0,1.0,7.0,2.0,2.0,4.0,3.0,10,10,8,8,6,4,1,4,1.0,1.0,4,3,4,4,4,4,2,1.0,2.0,3.0,3.0,4.0,8.0,10.0,5,2,1,1,4,2,2,2,6,3,1,6,11,7,0,1,1,1,2,1,7.0,0,0,0.0,0,,0,0,1,0,1,0,1,0,6.0,3.0,3.0,0.0,2.0,2.0,3.0,,,,2.0,5.0,4.0,2.0,6.0,5.0,4.0,5.0,5.0,3.0,5.0,,,6.0,2.0,m7x,2025-11-25 15:33:22.414989
,,,,,,,3.0,3.0,4.0,5.0,,,,0.0,,,6nj_830001,-999,2025-11-25T15:47:17.346Z,2.0,2.0,7.0,2.0,3.0,2.0,2.0,11,7,8,9,8,4,2,5,1.0,1.0,5,3,5,5,5,5,2,1.0,1.0,2.0,1.0,3.0,9.0,10.0,4,8,1,9,2,1,1,1,5,1,0,6,0,9,10,1,9,3,1,4,8.0,0,0,0.0,0,,1,0,1,0,1,1,1,1,6.0,3.0,3.0,0.0,2.0,2.0,4.0,,,,2.7,6.0,3.0,3.0,5.0,6.0,4.0,5.0,3.0,6.0,5.0,,,2.0,1.0,6nj,2025-11-25 15:33:22.672230
,,,,,,,3.0,3.0,5.0,5.0,,,,5.0,,,oae_348158,-999,2025-11-25T15:45:09.598Z,4.0,1.0,5.0,4.0,7.0,3.0,4.0,0,8,8,9,6,4,2,5,1.0,2.0,4,3,4,3,3,4,3,1.0,1.0,3.0,2.0,4.0,11.0,6.0,10,2,1,6,5,1,1,2,10,4,6,2,7,11,0,1,6,2,2,3,5.0,0,0,1.0,1,,1,0,1,1,1,1,1,0,7.0,4.0,3.0,0.0,2.0,1.0,6.0,,,,4.0,5.0,5.0,6.0,6.0,4.0,1.0,5.0,,6.0,6.0,,,,1.0,oae,2025-11-25 15:33:22.795937
,,,,,,,4.0,4.0,4.0,4.0,,,,0.0,,,gd8_678876,-999,2025-11-25T15:49:34.199Z,2.0,2.0,6.0,1.0,3.0,3.0,4.0,11,6,8,9,7,4,2,5,2.0,1.0,0,3,4,4,4,4,4,1.0,1.0,3.0,1.0,4.0,9.0,9.0,10,7,1,8,2,1,1,1,3,1,5,10,8,10,0,1,8,1,1,2,10.0,0,0,,0,,0,0,0,1,1,0,1,0,3.0,3.0,3.0,0.0,2.0,2.0,3.0,,,,2.7,5.0,2.0,5.0,6.0,5.0,6.0,6.0,6.0,5.0,4.0,,,1.0,5.0,gd8,2025-11-25 15:33:22.915871
,,,,,,,2.0,3.0,3.0,4.0,,,,,,,cav_234430,-999,2025-11-25T15:42:58.083Z,4.0,1.0,6.0,2.0,1.0,2.0,4.0,11,9,9,9,8,4,1,0,1.0,1.0,4,4,4,4,4,4,3,1.0,3.0,3.0,3.0,4.0,9.0,7.0,9,9,1,4,4,1,1,2,6,1,3,9,6,9,8,1,4,5,4,4,10.0,0,0,0.0,0,,0,0,1,0,1,1,1,1,3.0,3.0,3.0,0.0,2.0,2.0,6.0,,,,2.0,6.0,6.0,6.0,7.0,6.0,5.0,7.0,6.0,6.0,5.0,,,5.0,1.0,cav,2025-11-25 15:33:23.081435
,,,,,,,3.0,3.0,3.0,3.0,,,,0.0,,,qlq_743709,-999,2025-11-25T15:53:29.213Z,3.0,2.0,6.0,3.0,3.0,4.0,3.0,11,10,7,7,6,4,1,5,1.0,1.0,0,3,4,4,4,4,0,1.0,2.0,7.0,7.0,8.0,11.0,10.0,9,8,1,0,4,1,1,1,9,1,0,8,8,11,0,1,0,7,5,0,9.0,0,0,0.0,0,,0,0,1,0,1,1,1,1,7.0,3.0,3.0,0.0,2.0,2.0,6.0,,,,2.7,5.0,4.0,2.0,6.0,3.0,2.0,5.0,6.0,4.0,5.0,,,6.0,1.0,qlq,2025-11-25 15:33:23.239273
,,,,,,,3.0,3.0,4.0,4.0,,,,0.0,a bacj button for wrongly aswered questions,,1ey_619488,-999,2025-11-25T15:44:12.139Z,5.0,2.0,6.0,3.0,5.0,3.0,5.0,11,6,8,9,5,4,1,3,1.0,1.0,5,4,5,5,5,5,3,1.0,1.0,3.0,2.0,5.0,10.0,1.0,11,1,1,0,3,1,1,1,7,2,2,0,4,11,0,1,0,3,2,0,7.0,0,0,1.0,1,,1,1,1,0,1,1,1,1,7.0,5.0,3.0,1.0,1.0,1.0,6.0,,,,2.3,6.0,5.0,6.0,7.0,6.0,5.0,6.0,6.0,5.0,5.0,,,,4.0,1ey,2025-11-25 15:33:23.121354
,,,,,,,4.0,4.0,4.0,4.0,,,,0.0,,,26o_809073,-999,2025-11-25T15:46:36.045Z,7.0,1.0,7.0,2.0,4.0,4.0,5.0,11,2,7,8,4,3,1,4,1.0,2.0,4,4,4,4,4,4,4,3.0,3.0,8.0,8.0,4.0,7.0,5.0,8,3,3,5,4,3,2,2,7,2,3,7,1,10,0,2,4,2,9,6,10.0,1,1,1.0,1,,1,0,1,1,1,1,1,1,3.0,3.0,1.0,0.0,5.0,2.0,3.0,,,,4.0,2.0,4.0,4.0,5.0,4.0,4.0,5.0,4.0,4.0,6.0,,,,3.0,26o,2025-11-25 15:33:23.393654
,,,,,,,4.0,4.0,4.0,4.0,,,,0.0,,,fsu_989950,-999,2025-11-25T15:43:47.302Z,3.0,4.0,6.0,3.0,3.0,3.0,3.0,11,8,7,8,6,4,2,4,1.0,1.0,3,3,4,3,4,4,3,1.0,1.0,4.0,1.0,5.0,9.0,9.0,7,7,1,0,5,1,1,1,8,2,5,6,11,10,0,1,0,4,1,0,8.0,0,0,0.0,0,,0,0,1,0,1,0,1,1,7.0,3.0,3.0,0.0,2.0,2.0,7.0,,,,2.0,6.0,6.0,4.0,5.0,2.0,1.0,4.0,6.0,3.0,3.0,,,4.0,2.0,fsu,2025-11-25 15:33:23.840528
,,,,,,,3.0,4.0,4.0,4.0,,,,0.0,,,n4r_733409,-999,2025-11-25T15:46:03.122Z,2.0,2.0,5.0,3.0,4.0,1.0,4.0,10,7,8,9,5,3,1,5,1.0,2.0,5,3,4,4,5,3,3,1.0,3.0,3.0,2.0,5.0,10.0,3.0,0,0,0,0,0,0,0,0,0,0,0,0,0,0,0,0,0,0,0,0,7.0,0,0,0.0,0,,0,1,1,0,1,1,1,1,7.0,3.0,3.0,0.0,2.0,2.0,6.0,,,,3.0,1.0,5.0,5.0,6.0,3.0,4.0,4.0,6.0,6.0,7.0,,,5.0,1.0,n4r,2025-11-25 15:33:23.889424
,,,,,,,4.0,3.0,4.0,4.0,,,,8.0,,,qdi_316836,-999,2025-11-25T16:31:55.356Z,4.0,2.0,5.0,5.0,3.0,5.0,4.0,11,1,8,8,7,6,2,7,1.0,1.0,4,2,4,5,5,4,2,6.0,10.0,7.0,7.0,7.0,10.0,10.0,7,0,0,0,3,3,5,0,8,5,0,0,9,9,0,8,0,0,5,0,9.0,0,0,0.0,0,,0,1,1,0,1,1,0,0,0.0,3.0,1.0,0.0,4.0,2.0,6.0,,,,2.7,6.0,6.0,5.0,6.0,6.0,6.0,7.0,4.0,6.0,4.0,,,,2.0,qdi,2025-11-25 15:33:24.519186
,,,,,,,4.0,3.0,4.0,4.0,,,,0.0,,,30d_751134,-999,2025-11-25T15:51:56.448Z,4.0,2.0,6.0,3.0,5.0,3.0,4.0,11,0,8,8,0,3,1,4,2.0,1.0,4,3,4,5,5,2,4,1.0,1.0,1.0,1.0,1.0,4.0,2.0,0,0,0,0,2,1,1,1,9,0,0,0,7,4,0,1,0,0,3,0,9.0,0,0,0.0,0,,0,0,1,0,1,1,1,0,0.0,3.0,3.0,0.0,2.0,2.0,5.0,,,,2.7,4.0,4.0,5.0,6.0,3.0,2.0,6.0,3.0,6.0,5.0,,,3.0,3.0,30d,2025-11-25 15:33:24.961698
,,,,,,,3.0,3.0,4.0,4.0,,,,0.0,,,w9x_430520,-999,2025-11-25T15:46:15.444Z,3.0,2.0,6.0,3.0,5.0,4.0,5.0,11,7,7,8,6,4,1,4,2.0,0.0,4,3,4,4,4,4,4,1.0,2.0,8.0,6.0,5.0,8.0,4.0,7,6,0,0,5,1,1,1,8,3,0,7,8,9,0,1,0,5,5,0,10.0,0,0,0.0,0,,0,0,1,1,1,1,1,1,3.0,3.0,3.0,0.0,2.0,2.0,6.0,,,,2.0,6.0,7.0,5.0,7.0,5.0,4.0,5.0,6.0,7.0,5.0,,,2.0,3.0,w9x,2025-11-25 15:33:25.523761
,,,,,,,3.0,3.0,4.0,4.0,,,,,,,cos_813344,-999,2025-11-25T15:49:27.541Z,4.0,2.0,7.0,1.0,2.0,2.0,4.0,11,8,8,8,7,4,1,4,1.0,1.0,4,3,4,4,4,4,3,1.0,1.0,2.0,2.0,2.0,10.0,9.0,10,9,0,0,1,1,1,1,8,1,0,10,11,11,0,1,0,2,2,10,9.0,0,0,0.0,0,,0,0,0,0,0,1,1,0,7.0,3.0,3.0,0.0,2.0,2.0,3.0,,,,2.3,7.0,4.0,5.0,7.0,6.0,6.0,3.0,7.0,6.0,4.0,,,3.0,1.0,cos,2025-11-25 15:33:25.294862
,,,,,,,3.0,2.0,2.0,2.0,,,,0.0,,,twg_399521,-999,2025-11-25T15:40:25.748Z,4.0,4.0,5.0,4.0,4.0,4.0,3.0,0,0,0,0,0,0,0,0,1.0,1.0,0,0,1,0,0,0,0,0.0,0.0,0.0,0.0,0.0,0.0,0.0,0,0,0,0,0,0,0,0,0,0,0,0,0,0,0,0,0,0,0,0,0.0,0,0,0.0,0,,1,0,1,0,1,0,0,0,11.0,3.0,2.0,1.0,4.0,3.0,5.0,,,,3.0,2.0,3.0,3.0,5.0,3.0,3.0,5.0,6.0,1.0,5.0,,,10.0,5.0,twg,2025-11-25 15:33:25.315371
,,,,,,,4.0,3.0,5.0,3.0,,,,0.0,,,wv9_935020,-999,2025-11-25T15:43:36.965Z,3.0,2.0,6.0,3.0,0.0,6.0,3.0,11,8,6,7,5,3,1,5,2.0,1.0,4,4,5,4,4,4,3,1.0,3.0,4.0,1.0,8.0,11.0,8.0,0,8,1,0,3,1,1,1,11,0,0,0,9,11,0,1,0,8,2,0,8.0,0,0,0.0,1,,0,0,1,0,1,1,1,1,7.0,3.0,3.0,0.0,2.0,2.0,7.0,,,,3.3,7.0,7.0,6.0,5.0,1.0,4.0,7.0,7.0,7.0,7.0,,,4.0,1.0,wv9,2025-11-25 15:33:25.394222
,,,,,,,2.0,2.0,4.0,4.0,,,,10.0,,,z63_339561,-999,2025-11-25T15:44:31.783Z,3.0,4.0,5.0,4.0,4.0,3.0,,10,0,8,9,6,4,1,4,2.0,1.0,4,4,2,4,4,2,4,6.0,6.0,8.0,7.0,9.0,9.0,6.0,0,7,0,0,8,1,1,1,9,3,0,0,6,8,0,1,0,5,3,0,7.0,0,0,0.0,0,,0,0,1,0,1,1,1,0,5.0,3.0,3.0,0.0,2.0,1.0,3.0,,,,1.3,4.0,6.0,7.0,7.0,4.0,3.0,4.0,4.0,3.0,5.0,,,5.0,5.0,z63,2025-11-25 15:33:25.509728
,,,,,,,3.0,3.0,3.0,3.0,,,,0.0,,,ats_290221,-999,2025-11-25T15:50:56.141Z,1.0,1.0,7.0,1.0,4.0,1.0,4.0,11,0,8,9,7,4,1,5,1.0,1.0,4,3,5,4,4,4,4,1.0,1.0,4.0,3.0,5.0,10.0,3.0,9,9,1,0,4,1,1,1,9,1,0,9,11,9,0,1,0,8,3,0,10.0,0,0,0.0,0,,0,0,1,0,0,1,1,1,7.0,3.0,3.0,0.0,2.0,2.0,6.0,,,,2.3,4.0,6.0,5.0,7.0,3.0,3.0,5.0,5.0,4.0,6.0,,,2.0,3.0,ats,2025-11-25 15:33:26.017691
,,,,,,,3.0,3.0,2.0,4.0,,,,0.0,,,b9u_805873,-999,2025-11-25T15:44:21.113Z,4.0,1.0,6.0,4.0,3.0,3.0,3.0,11,0,9,9,7,3,1,5,1.0,1.0,2,4,4,1,2,4,3,1.0,0.0,4.0,3.0,5.0,9.0,10.0,0,0,1,0,3,1,1,0,6,0,0,8,10,9,0,1,0,0,2,2,6.0,0,0,0.0,1,,0,0,1,0,1,1,1,1,6.0,3.0,3.0,0.0,2.0,2.0,7.0,,,,3.0,5.0,4.0,3.0,6.0,6.0,3.0,4.0,6.0,3.0,4.0,,,3.0,1.0,b9u,2025-11-25 15:33:26.028408
,,,,,,,3.0,3.0,4.0,3.0,,,,0.0,,,y03_110189,-999,2025-11-25T15:43:39.014Z,2.0,2.0,5.0,1.0,7.0,2.0,3.0,11,7,8,9,7,4,3,6,1.0,1.0,4,2,4,3,4,4,1,1.0,3.0,2.0,1.0,1.0,3.0,10.0,6,4,1,8,3,5,1,3,6,2,0,0,8,9,0,1,0,2,2,2,3.0,0,0,0.0,0,,0,0,0,0,0,0,0,0,6.0,3.0,1.0,0.0,4.0,2.0,6.0,,,,4.0,2.0,4.0,1.0,6.0,3.0,4.0,5.0,1.0,6.0,7.0,,,12.0,6.0,y03,2025-11-25 15:33:25.900043
,,,,,,,3.0,3.0,3.0,3.0,,,,8.0,,,nre_135297,-999,2025-11-25T15:49:36.061Z,4.0,2.0,4.0,3.0,5.0,4.0,3.0,10,8,8,9,9,4,1,5,2.0,1.0,0,0,0,0,0,0,0,2.0,2.0,2.0,2.0,2.0,10.0,10.0,11,8,1,0,3,1,1,1,8,0,8,11,10,11,0,1,0,1,1,0,8.0,0,0,0.0,0,,0,0,1,0,1,1,1,1,7.0,3.0,3.0,0.0,1.0,1.0,4.0,,,,3.0,3.0,3.0,3.0,5.0,4.0,3.0,4.0,5.0,6.0,3.0,,,1.0,2.0,nre,2025-11-25 15:33:26.070902
,,,,,,,2.0,2.0,4.0,4.0,,,,0.0,,,0dz_331386,-999,2025-11-25T15:46:15.613Z,2.0,1.0,7.0,2.0,2.0,2.0,3.0,11,8,7,8,7,4,1,4,1.0,1.0,4,2,4,4,4,5,3,1.0,2.0,3.0,3.0,3.0,9.0,9.0,9,9,1,8,3,1,1,2,5,2,8,10,2,9,8,1,3,4,3,5,10.0,1,1,1.0,1,,1,1,1,1,1,0,1,1,3.0,3.0,3.0,0.0,2.0,2.0,2.0,,,,2.7,2.0,3.0,4.0,5.0,5.0,5.0,3.0,5.0,6.0,5.0,,,2.0,0.0,0dz,2025-11-25 15:33:26.420725
,,,,,,,4.0,2.0,3.0,2.0,,,,,,,yvz_135819,-999,2025-11-25T15:42:10.025Z,1.0,1.0,7.0,1.0,2.0,1.0,1.0,10,9,9,9,9,6,4,8,1.0,1.0,5,1,5,5,3,5,1,1.0,1.0,1.0,1.0,1.0,1.0,5.0,1,1,1,6,1,1,1,1,1,1,5,1,9,4,2,1,5,1,1,1,1.0,0,0,0.0,0,,0,0,1,0,0,0,0,0,6.0,3.0,2.0,0.0,4.0,3.0,7.0,,,,3.7,7.0,4.0,7.0,3.0,2.0,4.0,4.0,3.0,3.0,4.0,,,,6.0,yvz,2025-11-25 15:33:26.514113
,,,,,,,4.0,4.0,4.0,,,,,0.0,,,vkx_234489,-999,2025-11-25T15:48:06.480Z,5.0,3.0,7.0,4.0,5.0,4.0,4.0,11,9,6,6,6,3,4,5,2.0,2.0,4,4,4,4,4,3,2,1.0,1.0,9.0,9.0,7.0,8.0,7.0,7,8,0,0,9,1,2,4,7,0,0,7,8,8,0,0,0,0,7,8,8.0,0,0,0.0,0,,0,0,1,0,1,1,1,1,7.0,3.0,3.0,0.0,2.0,2.0,4.0,,,,3.0,4.0,5.0,5.0,7.0,5.0,3.0,5.0,6.0,6.0,4.0,,,,0.0,vkx,2025-11-25 15:33:27.357933
,,,,,,,4.0,4.0,5.0,5.0,,,,0.0,,,6qi_401004,-999,2025-11-25T15:50:22.870Z,2.0,2.0,6.0,2.0,5.0,4.0,4.0,11,11,6,7,7,3,1,4,1.0,1.0,4,3,4,4,5,5,3,1.0,1.0,5.0,4.0,3.0,7.0,4.0,9,10,1,0,3,1,1,1,8,2,8,8,1,9,0,1,1,4,4,4,10.0,0,0,1.0,0,,0,0,1,0,1,1,1,1,3.0,3.0,2.0,0.0,5.0,3.0,6.0,,,,2.7,4.0,5.0,3.0,7.0,4.0,4.0,5.0,6.0,6.0,6.0,,,3.0,4.0,6qi,2025-11-25 15:33:28.362431
,,,,,,,4.0,4.0,4.0,4.0,,,,0.0,,,udo_762423,-999,2025-11-25T15:44:34.929Z,2.0,1.0,7.0,1.0,1.0,3.0,1.0,11,8,9,10,8,4,2,6,2.0,1.0,5,1,5,4,5,5,1,1.0,1.0,1.0,1.0,1.0,7.0,9.0,9,3,1,9,1,1,1,1,5,2,6,6,7,10,6,1,9,1,1,1,2.0,0,1,0.0,1,,1,0,1,0,1,1,1,1,6.0,3.0,2.0,0.0,5.0,3.0,2.0,,,,3.0,2.0,4.0,6.0,6.0,6.0,4.0,6.0,5.0,2.0,4.0,,,2.0,4.0,udo,2025-11-25 15:33:28.745290
,,,,,,,0.0,0.0,4.0,4.0,,,,15.0,I am not German. I am Canadian. Your data results will be skewed by the international people in this class,,cuz_634947,-999,2025-11-25T15:43:07.852Z,4.0,4.0,4.0,4.0,4.0,4.0,5.0,0,0,0,0,0,0,0,0,1.0,1.0,4,0,1,4,4,0,0,0.0,0.0,0.0,0.0,0.0,0.0,0.0,0,0,0,0,0,2,7,10,7,0,0,0,1,0,0,0,0,0,0,0,0.0,1,0,0.0,0,,0,1,1,0,1,0,1,0,11.0,3.0,2.0,1.0,5.0,3.0,6.0,,,,2.3,2.0,1.0,5.0,7.0,5.0,4.0,3.0,5.0,7.0,5.0,,,4.0,5.0,cuz,2025-11-25 15:33:28.905671
,,,,,,,3.0,3.0,3.0,3.0,,,,10.0,,,poi_870602,-999,2025-11-25T15:46:44.498Z,3.0,3.0,5.0,3.0,6.0,4.0,3.0,10,2,6,7,6,4,2,5,1.0,1.0,3,4,4,3,4,4,3,1.0,2.0,4.0,3.0,5.0,10.0,8.0,9,9,2,0,4,1,2,5,8,3,0,0,8,10,6,2,0,4,3,0,10.0,0,0,0.0,0,,0,0,1,0,1,1,1,1,3.0,3.0,2.0,0.0,5.0,3.0,6.0,,,,3.7,5.0,3.0,5.0,3.0,5.0,3.0,4.0,6.0,5.0,4.0,,,2.0,2.0,poi,2025-11-25 15:33:29.058727
,,,,,,,3.0,3.0,3.0,3.0,,,,0.0,,,6t0_703246,-999,2025-11-25T15:43:47.974Z,4.0,2.0,6.0,4.0,3.0,4.0,4.0,11,8,7,7,6,3,1,5,1.0,1.0,4,3,4,4,4,4,3,1.0,2.0,3.0,3.0,3.0,9.0,7.0,4,0,0,0,3,2,1,0,5,0,0,0,6,3,0,1,0,0,6,0,9.0,0,0,0.0,0,,0,0,1,0,0,1,1,1,3.0,3.0,3.0,0.0,2.0,2.0,6.0,,,,2.3,2.0,4.0,5.0,6.0,5.0,2.0,6.0,5.0,6.0,5.0,,,5.0,6.0,6t0,2025-11-25 15:33:29.141936
,,,,,,,2.0,2.0,5.0,4.0,,,,0.0,,,7y2_613707,-999,2025-11-25T15:45:36.793Z,3.0,1.0,6.0,2.0,3.0,2.0,3.0,11,8,8,9,7,5,1,4,1.0,1.0,4,3,4,4,4,4,3,1.0,2.0,3.0,2.0,4.0,8.0,10.0,7,8,6,6,2,1,1,6,8,6,6,6,10,10,6,1,6,3,2,6,9.0,0,0,0.0,0,,0,1,1,0,1,1,1,1,6.0,3.0,1.0,0.0,5.0,2.0,6.0,,,,2.3,3.0,5.0,6.0,6.0,4.0,3.0,6.0,6.0,4.0,7.0,,,6.0,3.0,7y2,2025-11-25 15:33:29.169050
,,,,,,,3.0,2.0,4.0,4.0,,,,0.0,,,95j_226394,-999,2025-11-25T15:52:34.292Z,7.0,7.0,5.0,7.0,7.0,7.0,7.0,11,0,7,8,4,3,1,5,2.0,2.0,5,1,5,2,5,5,2,1.0,1.0,9.0,11.0,3.0,1.0,1.0,9,9,1,0,9,1,1,3,11,10,8,8,3,1,0,1,0,7,11,10,7.0,0,0,0.0,0,,0,0,1,0,1,0,1,0,1.0,3.0,3.0,0.0,2.0,2.0,6.0,,,,2.0,7.0,4.0,7.0,7.0,7.0,3.0,7.0,6.0,6.0,7.0,,,3.0,2.0,95j,2025-11-25 15:33:29.237743
,,,,,,,2.0,2.0,2.0,2.0,,,,6.0,,,uzs_985981,-999,2025-11-25T15:44:47.391Z,4.0,2.0,4.0,4.0,5.0,4.0,4.0,11,1,6,7,7,3,2,4,1.0,1.0,2,2,4,4,4,2,3,1.0,2.0,7.0,7.0,7.0,9.0,8.0,0,0,0,0,3,1,2,0,9,6,6,0,7,0,0,0,0,0,0,0,10.0,0,0,0.0,0,,0,0,1,0,1,1,1,0,3.0,3.0,1.0,0.0,5.0,2.0,7.0,,,,3.0,3.0,4.0,3.0,3.0,3.0,3.0,3.0,5.0,2.0,6.0,,,5.0,6.0,uzs,2025-11-25 15:33:29.730338
,,,,,,,2.0,1.0,2.0,3.0,,,,0.0,Zu viele Fragen gestellt.,,doe_718964,-999,2025-11-25T15:51:49.305Z,6.0,4.0,5.0,4.0,6.0,6.0,5.0,0,0,0,0,0,0,0,0,1.0,1.0,4,2,4,2,4,4,1,0.0,0.0,0.0,0.0,0.0,0.0,0.0,6,6,6,6,6,6,6,6,6,6,6,6,6,6,6,6,6,6,6,6,0.0,0,0,0.0,0,,0,0,1,0,1,1,1,1,0.0,3.0,2.0,0.0,4.0,3.0,7.0,,,,0.0,7.0,6.0,7.0,7.0,3.0,4.0,3.0,4.0,3.0,4.0,,,,1.0,doe,2025-11-25 15:33:30.229022
,,,,,,,4.0,4.0,5.0,5.0,,,,0.0,,,i8x_731424,-999,2025-11-25T15:49:16.304Z,1.0,2.0,7.0,2.0,4.0,2.0,3.0,11,8,8,9,8,4,1,6,1.0,1.0,4,4,4,3,4,5,2,1.0,1.0,3.0,3.0,2.0,10.0,7.0,8,7,1,7,3,1,1,1,7,1,0,0,9,11,9,1,0,2,2,4,8.0,0,0,0.0,0,,0,0,1,0,1,1,1,1,7.0,3.0,3.0,0.0,2.0,2.0,6.0,,,,1.7,3.0,7.0,7.0,6.0,6.0,6.0,5.0,4.0,3.0,6.0,,,10.0,3.0,i8x,2025-11-25 15:33:30.273449
2005.0,2.0,2.0,1.0,1.0,1.0,1.0,3.0,2.0,4.0,4.0,1.0,72.0,2024.0,16.0,,,cbf_929538,-999,2025-11-25T15:53:14.063Z,5.0,3.0,6.0,2.0,3.0,4.0,2.0,8,6,6,7,5,4,3,4,1.0,2.0,5,3,4,4,5,4,3,1.0,3.0,3.0,2.0,5.0,7.0,9.0,6,6,6,6,3,1,1,6,6,6,6,6,9,6,6,0,6,6,3,6,7.0,0,0,1.0,0,,0,0,1,0,1,1,1,1,3.0,3.0,3.0,0.0,2.0,2.0,7.0,1.0,1.0,1.0,4.0,4.0,4.0,1.0,6.0,4.0,1.0,3.0,6.0,4.0,4.0,1.0,2.0,2.0,6.0,cbf,2025-11-25 15:33:30.581671
2006.0,1.0,1.0,1.0,1.0,1.0,1.0,3.0,3.0,3.0,2.0,1.0,72.0,2025.0,0.0,,,fkp_674470,-999,2025-11-25T15:48:25.762Z,4.0,2.0,6.0,4.0,2.0,2.0,3.0,11,5,9,10,7,4,1,4,2.0,1.0,4,3,4,4,5,4,3,1.0,2.0,2.0,2.0,9.0,11.0,9.0,8,9,1,1,1,1,1,1,10,1,1,8,10,11,11,1,10,1,1,1,10.0,1,0,0.0,0,,0,0,1,0,1,1,1,1,7.0,3.0,2.0,0.0,5.0,3.0,7.0,0.0,5.0,0.0,3.0,6.0,5.0,3.0,2.0,6.0,2.0,6.0,6.0,6.0,6.0,1.0,1.0,4.0,3.0,fkp,2025-11-25 15:33:30.643208
,,,,,,,2.0,2.0,5.0,5.0,,,,,,,n3q_851945,-999,2025-11-25T15:44:10.875Z,4.0,3.0,5.0,4.0,4.0,4.0,6.0,11,4,7,8,8,4,1,5,2.0,2.0,4,3,4,0,4,4,3,1.0,4.0,8.0,8.0,6.0,4.0,3.0,9,7,6,6,8,1,3,4,7,6,6,6,3,5,6,1,3,6,8,6,8.0,0,0,0.0,0,,0,1,1,0,1,1,1,1,1.0,3.0,1.0,0.0,5.0,2.0,5.0,,,,3.3,5.0,4.0,3.0,4.0,5.0,4.0,5.0,6.0,4.0,5.0,,,5.0,6.0,n3q,2025-11-25 15:33:30.735181
,,,,,,,3.0,4.0,5.0,5.0,,,,0.0,,,tmy_227384,-999,2025-11-25T15:45:28.490Z,5.0,1.0,6.0,4.0,5.0,3.0,7.0,11,10,8,9,9,5,1,5,1.0,1.0,5,1,4,4,4,4,1,1.0,1.0,2.0,1.0,1.0,3.0,4.0,0,7,1,6,1,1,1,1,8,3,7,1,7,6,6,1,1,1,1,1,8.0,0,0,0.0,0,,1,0,1,0,1,0,1,1,3.0,3.0,2.0,0.0,5.0,3.0,3.0,,,,2.7,4.0,2.0,5.0,7.0,5.0,3.0,6.0,6.0,4.0,5.0,,,5.0,2.0,tmy,2025-11-25 15:33:31.215371
,,,,,,,4.0,5.0,3.0,3.0,,,,0.0,,,4w0_859963,-999,2025-11-25T15:47:33.885Z,3.0,1.0,6.0,4.0,5.0,5.0,5.0,10,7,7,8,7,3,1,4,2.0,1.0,4,3,4,5,5,4,3,1.0,1.0,6.0,5.0,3.0,9.0,2.0,10,9,1,6,0,1,3,6,7,8,8,7,6,10,6,1,4,2,2,4,10.0,0,0,0.0,0,,0,0,0,0,1,0,1,0,3.0,3.0,2.0,0.0,5.0,3.0,5.0,,,,2.0,5.0,4.0,7.0,5.0,5.0,5.0,6.0,5.0,6.0,6.0,,,5.0,2.0,4w0,2025-11-25 15:33:31.655435
,,,,,,,3.0,4.0,4.0,4.0,,,,15.0,:),,ier_232235,-999,2025-11-25T15:46:02.507Z,5.0,3.0,6.0,5.0,5.0,5.0,5.0,11,7,8,9,7,4,3,6,2.0,2.0,5,4,5,5,5,5,4,1.0,5.0,7.0,4.0,9.0,8.0,5.0,10,0,1,0,2,5,1,1,7,3,3,8,10,8,0,1,0,0,6,0,10.0,0,0,0.0,0,,0,0,1,0,0,0,0,1,3.0,3.0,2.0,1.0,5.0,3.0,7.0,,,,2.0,6.0,6.0,6.0,7.0,3.0,3.0,6.0,7.0,7.0,7.0,,,20.0,2.0,ier,2025-11-25 15:33:32.371088
,,,,,,,3.0,3.0,4.0,4.0,,,,0.0,,,5ci_764390,-999,2025-11-25T15:48:14.693Z,5.0,6.0,5.0,6.0,6.0,6.0,5.0,10,6,7,8,8,3,1,4,2.0,1.0,4,2,4,4,4,4,2,1.0,1.0,2.0,1.0,2.0,5.0,1.0,8,6,1,0,3,1,1,1,8,3,0,4,2,9,0,1,2,1,1,4,5.0,0,0,1.0,0,,0,0,1,0,1,1,1,1,7.0,3.0,2.0,0.0,5.0,3.0,6.0,,,,2.0,6.0,6.0,6.0,6.0,6.0,5.0,5.0,3.0,3.0,1.0,,,0.0,4.0,5ci,2025-11-25 15:33:32.115013
2005.0,2.0,2.0,1.0,1.0,1.0,1.0,2.0,2.0,3.0,2.0,2.0,78.0,2024.0,0.0,,,24s_306807,-999,2025-11-25T15:45:53.693Z,6.0,2.0,6.0,5.0,3.0,6.0,3.0,0,1,8,9,7,4,2,5,2.0,1.0,3,1,5,3,3,4,4,1.0,1.0,3.0,3.0,3.0,6.0,10.0,9,8,4,4,4,1,1,1,3,1,6,9,6,2,2,1,7,7,4,3,8.0,1,0,0.0,1,,1,0,1,0,0,1,1,1,6.0,3.0,1.0,0.0,5.0,2.0,7.0,1.0,5.0,1.0,3.3,5.0,6.0,7.0,6.0,7.0,3.0,3.0,2.0,2.0,6.0,1.0,2.0,8.0,1.0,24s,2025-11-25 15:33:32.731556
,,,,,,,3.0,3.0,2.0,2.0,,,,0.0,,,6z8_751949,-999,2025-11-25T15:48:09.301Z,1.0,1.0,7.0,1.0,3.0,2.0,2.0,11,0,9,8,8,3,1,6,1.0,1.0,5,3,5,5,4,5,3,1.0,1.0,1.0,1.0,1.0,11.0,9.0,0,0,1,0,3,1,1,1,8,2,0,0,11,11,0,1,0,1,1,0,9.0,0,0,0.0,0,,0,0,1,0,1,1,1,0,7.0,3.0,3.0,0.0,2.0,2.0,3.0,,,,3.7,4.0,4.0,3.0,4.0,6.0,4.0,5.0,7.0,5.0,5.0,,,6.0,3.0,6z8,2025-11-25 15:33:33.294149
,,,,,,,3.0,3.0,2.0,3.0,,,,0.0,,,epz_863746,-999,2025-11-25T15:50:28.149Z,2.0,2.0,7.0,3.0,4.0,3.0,2.0,11,6,8,9,9,4,1,5,1.0,1.0,3,2,4,4,4,2,2,1.0,1.0,2.0,2.0,5.0,9.0,10.0,8,7,1,0,3,1,1,1,5,2,0,8,9,9,0,1,0,2,2,6,7.0,0,0,0.0,0,,0,0,1,1,1,1,1,0,7.0,3.0,3.0,0.0,2.0,2.0,5.0,,,,2.7,1.0,2.0,3.0,5.0,5.0,5.0,2.0,6.0,5.0,4.0,,,,1.0,epz,2025-11-25 15:33:33.312418
,,,,,,,3.0,3.0,4.0,4.0,,,,0.0,,,g52_176771,-999,2025-11-25T15:49:04.775Z,5.0,3.0,5.0,4.0,0.0,5.0,5.0,10,1,5,5,7,3,2,4,1.0,1.0,5,2,4,4,4,4,3,1.0,1.0,6.0,6.0,4.0,9.0,3.0,6,5,6,7,6,1,6,5,6,3,6,7,8,5,7,1,7,5,4,4,5.0,0,0,0.0,0,,0,0,1,0,1,1,1,1,0.0,3.0,2.0,0.0,5.0,3.0,3.0,,,,3.7,1.0,3.0,3.0,6.0,5.0,3.0,7.0,6.0,6.0,4.0,,,3.0,6.0,g52,2025-11-25 15:33:34.026885
,,,,,,,4.0,4.0,4.0,4.0,,,,0.0,,,ljz_126038,-999,2025-11-25T15:46:32.613Z,3.0,1.0,6.0,3.0,3.0,2.0,4.0,11,8,9,9,8,4,1,5,1.0,1.0,4,3,4,4,4,4,3,1.0,1.0,3.0,2.0,4.0,9.0,9.0,10,8,1,0,3,1,1,3,9,4,0,0,5,9,0,1,0,0,3,0,10.0,0,0,1.0,0,,0,0,1,0,1,1,1,1,3.0,3.0,3.0,0.0,3.0,2.0,5.0,,,,2.7,5.0,1.0,3.0,7.0,5.0,5.0,6.0,6.0,5.0,5.0,,,3.0,2.0,ljz,2025-11-25 15:33:34.334702
,,,,,,,3.0,4.0,4.0,2.0,,,,0.0,,,cp4_901835,-999,2025-11-25T15:50:36.073Z,3.0,3.0,6.0,3.0,5.0,3.0,3.0,11,1,8,8,7,4,1,5,2.0,1.0,3,2,4,3,2,4,4,1.0,1.0,3.0,3.0,5.0,10.0,6.0,7,6,1,6,2,1,1,1,8,1,0,6,6,8,7,1,6,2,2,2,6.0,0,0,0.0,0,,0,0,1,0,1,1,1,1,7.0,3.0,3.0,0.0,2.0,2.0,6.0,,,,4.0,5.0,4.0,3.0,6.0,6.0,6.0,6.0,6.0,4.0,7.0,,,9.0,1.0,cp4,2025-11-25 15:33:34.366453
,,,,,,,2.0,3.0,4.0,3.0,,,,0.0,,,1cb_714696,-999,2025-11-25T15:53:21.662Z,2.0,1.0,7.0,2.0,4.0,2.0,3.0,11,10,7,8,6,4,2,6,1.0,1.0,5,4,5,4,5,5,3,1.0,1.0,3.0,2.0,3.0,11.0,9.0,9,6,0,0,3,1,1,1,4,1,0,0,11,11,0,1,0,0,2,0,6.0,0,0,0.0,0,,0,0,1,1,1,1,1,1,7.0,3.0,3.0,0.0,2.0,1.0,3.0,,,,2.3,5.0,5.0,5.0,6.0,5.0,5.0,7.0,6.0,6.0,6.0,,,3.0,3.0,1cb,2025-11-25 15:33:34.855866
,,,,,,,3.0,3.0,2.0,3.0,,,,0.0,,,yws_684473,-999,-999,5.0,3.0,5.0,3.0,4.0,4.0,6.0,11,5,9,8,8,5,2,5,2.0,2.0,3,3,3,3,3,3,3,1.0,3.0,6.0,6.0,6.0,6.0,6.0,6,6,3,6,5,1,1,6,7,6,7,6,7,6,6,2,6,5,5,6,6.0,0,0,0.0,0,,0,0,1,0,1,1,0,0,0.0,3.0,3.0,0.0,2.0,2.0,5.0,,,,1.7,5.0,5.0,5.0,5.0,2.0,3.0,5.0,6.0,5.0,5.0,,,4.0,3.0,yws,2025-11-25 15:33:35.224440
,,,,,,,4.0,4.0,3.0,4.0,,,,10.0,,,r75_234906,-999,-999,1.0,3.0,6.0,2.0,2.0,3.0,1.0,11,6,9,9,9,7,1,7,1.0,1.0,4,1,4,5,5,5,1,1.0,6.0,1.0,1.0,1.0,2.0,8.0,1,1,1,7,1,1,1,1,2,1,1,1,9,3,2,1,6,1,1,1,4.0,0,1,1.0,1,,0,0,1,0,1,1,1,1,6.0,3.0,2.0,0.0,5.0,3.0,7.0,,,,3.0,5.0,6.0,5.0,3.0,5.0,5.0,5.0,5.0,4.0,5.0,,,10.0,6.0,r75,2025-11-25 15:33:35.368094
,,,,,,,4.0,4.0,5.0,4.0,,,,0.0,,,5ul_467805,-999,2025-11-25T15:45:16.372Z,5.0,2.0,5.0,5.0,5.0,4.0,6.0,10,1,6,7,7,4,2,5,2.0,1.0,4,4,4,4,4,4,4,1.0,1.0,8.0,5.0,7.0,7.0,2.0,8,6,1,0,7,1,1,2,8,3,6,4,6,7,0,1,0,4,5,4,6.0,0,0,0.0,0,,1,1,1,0,1,1,1,0,1.0,3.0,3.0,0.0,2.0,1.0,4.0,,,,0.0,6.0,5.0,6.0,6.0,5.0,4.0,4.0,6.0,5.0,3.0,,,,6.0,5ul,2025-11-25 15:33:35.436632
,,,,,,,3.0,3.0,3.0,3.0,,,,0.0,,,9vw_152957,-999,2025-11-25T15:52:27.595Z,4.0,2.0,6.0,0.0,6.0,4.0,4.0,11,0,8,8,9,4,1,6,2.0,1.0,4,4,3,4,5,3,4,1.0,3.0,7.0,6.0,6.0,8.0,0.0,8,7,1,0,6,1,2,0,6,4,0,9,5,6,0,1,0,7,5,8,10.0,0,0,0.0,0,,0,0,1,0,1,0,1,0,3.0,3.0,3.0,0.0,2.0,2.0,5.0,,,,2.0,6.0,6.0,6.0,6.0,5.0,4.0,7.0,6.0,4.0,7.0,,,5.0,2.0,9vw,2025-11-25 15:33:35.822692
,,,,,,,3.0,4.0,4.0,0.0,,,,0.0,,,3ue_671088,-999,2025-11-25T15:46:55.966Z,4.0,1.0,7.0,2.0,3.0,3.0,5.0,0,9,9,10,6,3,1,4,1.0,1.0,1,4,2,3,2,3,2,1.0,1.0,3.0,2.0,10.0,9.0,1.0,6,8,1,6,1,1,1,1,9,1,8,6,6,6,6,1,2,1,3,6,9.0,0,0,0.0,0,,1,0,1,0,1,1,1,1,5.0,3.0,1.0,0.0,5.0,2.0,6.0,,,,2.3,7.0,7.0,7.0,7.0,6.0,6.0,7.0,6.0,7.0,7.0,,,8.0,2.0,3ue,2025-11-25 15:33:36.465898
,,,,,,,2.0,3.0,3.0,0.0,,,,0.0,,,yyj_378900,-999,2025-11-25T15:45:55.790Z,3.0,3.0,6.0,5.0,3.0,2.0,4.0,11,8,7,8,6,4,4,5,2.0,2.0,4,2,4,4,2,4,3,1.0,2.0,4.0,3.0,3.0,10.0,5.0,8,0,0,0,3,1,1,1,8,3,6,0,9,8,0,1,0,0,3,0,9.0,0,0,0.0,0,,0,1,1,0,1,1,1,1,7.0,3.0,3.0,1.0,2.0,2.0,7.0,,,,3.3,7.0,7.0,7.0,7.0,5.0,7.0,5.0,6.0,6.0,6.0,,,4.0,6.0,yyj,2025-11-25 15:33:37.275700
,,,,,,,3.0,3.0,2.0,2.0,,,,0.0,,,c38_628608,-999,2025-11-25T15:44:47.482Z,1.0,1.0,7.0,3.0,1.0,2.0,1.0,11,0,9,10,8,6,5,7,1.0,1.0,4,1,4,4,4,4,1,1.0,1.0,1.0,1.0,2.0,3.0,7.0,3,5,1,8,2,1,1,1,4,1,5,6,11,7,6,1,7,3,2,4,4.0,0,1,1.0,0,,0,0,0,0,1,0,1,1,6.0,3.0,3.0,0.0,2.0,2.0,6.0,,,,2.3,5.0,5.0,5.0,7.0,4.0,4.0,5.0,4.0,2.0,5.0,,,8.0,4.0,c38,2025-11-25 15:33:37.770628
,,,,,,,3.0,3.0,1.0,1.0,,,,25.0,T,,xfz_800767,-999,2025-11-25T15:46:54.623Z,4.0,2.0,5.0,2.0,6.0,3.0,4.0,10,0,6,8,9,3,2,4,1.0,1.0,5,4,5,4,4,5,4,1.0,1.0,4.0,2.0,2.0,10.0,2.0,10,7,1,3,5,1,1,1,8,4,8,6,9,9,6,1,6,4,3,8,9.0,0,0,1.0,1,,0,0,1,0,1,0,1,0,3.0,3.0,2.0,0.0,5.0,3.0,6.0,,,,3.0,3.0,3.0,5.0,6.0,6.0,0.0,6.0,4.0,2.0,4.0,,,2.0,3.0,xfz,2025-11-25 15:33:37.943436
,,,,,,,5.0,5.0,4.0,4.0,,,,0.0,,,u5b_956893,-999,2025-11-25T15:55:48.454Z,3.0,2.0,6.0,2.0,2.0,3.0,6.0,11,9,0,0,0,0,1,0,1.0,2.0,5,4,3,5,5,4,3,1.0,2.0,8.0,0.0,0.0,9.0,0.0,0,0,0,0,4,1,1,1,9,1,0,0,7,0,0,0,0,0,0,0,7.0,0,0,0.0,0,,0,0,1,0,1,0,1,1,11.0,3.0,3.0,1.0,2.0,2.0,2.0,,,,2.7,7.0,6.0,7.0,7.0,6.0,5.0,5.0,6.0,6.0,5.0,,,5.0,2.0,u5b,2025-11-25 15:33:39.218425
,,,,,,,3.0,3.0,4.0,2.0,,,,0.0,,,5ga_836664,-999,2025-11-25T15:45:21.910Z,3.0,1.0,6.0,3.0,4.0,3.0,4.0,11,10,9,9,10,7,4,7,2.0,1.0,0,0,0,0,0,0,0,1.0,2.0,2.0,2.0,2.0,7.0,10.0,0,0,0,0,0,0,0,0,0,0,0,0,0,0,0,1,0,0,0,0,7.0,0,0,0.0,0,,0,0,0,0,0,0,0,0,6.0,4.0,3.0,0.0,1.0,,7.0,,,,4.0,1.0,3.0,4.0,4.0,3.0,3.0,3.0,0.0,4.0,3.0,,,5.0,5.0,5ga,2025-11-25 15:33:39.908892
,,,,,,,3.0,3.0,4.0,4.0,,,,5.0,:),,qyx_249428,-999,2025-11-25T15:41:45.646Z,6.0,3.0,4.0,6.0,7.0,3.0,,11,2,9,0,0,3,1,1,1.0,2.0,2,3,4,2,2,3,3,1.0,1.0,11.0,11.0,9.0,1.0,1.0,6,6,6,10,10,1,1,1,1,1,4,6,6,0,0,1,1,8,10,6,3.0,0,0,0.0,0,,0,0,1,0,0,1,1,1,1.0,3.0,3.0,0.0,2.0,2.0,3.0,,,,2.7,4.0,4.0,5.0,6.0,6.0,6.0,6.0,6.0,6.0,6.0,,,2.0,1.0,qyx,2025-11-25 15:33:40.124735
,,,,,,,2.0,3.0,4.0,4.0,,,,,,,wom_362134,-999,-999,5.0,3.0,3.0,5.0,5.0,5.0,5.0,11,4,8,8,0,3,1,4,1.0,1.0,4,3,5,4,4,4,4,1.0,1.0,8.0,2.0,9.0,6.0,3.0,9,9,1,0,4,1,1,1,5,1,7,9,7,0,0,1,0,9,3,0,10.0,0,0,0.0,0,,0,0,1,0,1,1,1,1,1.0,3.0,3.0,0.0,2.0,2.0,4.0,,,,2.0,7.0,5.0,5.0,7.0,4.0,3.0,6.0,6.0,6.0,6.0,,,8.0,1.0,wom,2025-11-25 15:33:40.307092
,,,,,,,4.0,4.0,4.0,3.0,,,,20.0,,,kfs_542188,-999,2025-11-25T15:44:06.601Z,4.0,4.0,4.0,4.0,4.0,4.0,4.0,11,2,8,8,8,3,1,4,1.0,1.0,0,0,0,0,0,0,0,1.0,1.0,2.0,3.0,3.0,10.0,9.0,6,0,0,0,0,0,0,0,0,0,0,6,0,10,1,1,6,6,6,0,11.0,0,0,0.0,0,,0,0,1,0,1,1,1,0,7.0,3.0,2.0,0.0,4.0,3.0,5.0,,,,4.0,1.0,4.0,7.0,4.0,5.0,4.0,5.0,5.0,4.0,,,,6.0,5.0,kfs,2025-11-25 15:33:40.469811
,,,,,,,3.0,3.0,5.0,4.0,,,,0.0,,,qoh_956030,-999,2025-11-25T15:51:42.050Z,6.0,5.0,4.0,5.0,7.0,6.0,7.0,10,9,7,8,7,5,2,6,2.0,1.0,1,3,1,1,1,1,2,2.0,2.0,9.0,8.0,7.0,4.0,2.0,9,5,2,2,6,1,1,1,5,6,6,6,2,10,5,1,1,2,2,2,,0,0,0.0,0,,0,0,1,0,1,1,1,0,1.0,3.0,3.0,0.0,2.0,2.0,3.0,,,,2.7,7.0,1.0,7.0,7.0,6.0,1.0,2.0,2.0,5.0,7.0,,,,6.0,qoh,2025-11-25 15:33:40.872080
,,,,,,,3.0,3.0,4.0,4.0,,,,10.0,,,8ke_303827,-999,2025-11-25T16:16:21.609Z,4.0,4.0,6.0,4.0,6.0,3.0,4.0,11,7,7,8,6,4,2,5,1.0,1.0,3,2,4,4,3,5,4,1.0,1.0,3.0,2.0,3.0,10.0,7.0,9,6,1,8,3,1,1,1,9,2,0,8,9,11,0,1,0,2,2,3,6.0,0,0,1.0,1,,1,0,1,0,1,0,1,0,7.0,3.0,2.0,0.0,5.0,3.0,4.0,,,,3.7,5.0,3.0,3.0,5.0,5.0,3.0,4.0,4.0,5.0,3.0,,,2.0,6.0,8ke,2025-11-25 15:33:41.037072
,,,,,,,3.0,3.0,2.0,4.0,,,,6.0,,,2fc_156873,-999,2025-11-25T15:46:27.077Z,1.0,4.0,6.0,1.0,1.0,1.0,2.0,9,0,6,0,0,6,4,5,1.0,1.0,5,3,4,5,5,3,3,1.0,0.0,0.0,0.0,0.0,0.0,0.0,0,0,0,0,0,1,1,1,5,1,0,0,10,0,0,0,0,0,0,0,0.0,0,0,0.0,0,,0,0,0,0,1,0,1,1,11.0,3.0,2.0,1.0,4.0,3.0,7.0,,,,2.3,7.0,4.0,5.0,7.0,5.0,5.0,7.0,2.0,4.0,7.0,,,10.0,4.0,2fc,2025-11-25 15:33:41.426330
,,,,,,,3.0,3.0,2.0,2.0,,,,0.0,,,l7r_139129,-999,2025-11-25T15:54:44.781Z,2.0,2.0,6.0,2.0,0.0,2.0,3.0,0,0,0,0,0,0,0,0,1.0,1.0,0,0,0,0,0,0,0,1.0,1.0,4.0,4.0,6.0,9.0,9.0,0,0,0,0,0,1,1,1,0,0,0,0,0,0,0,1,0,0,0,0,,0,0,0.0,0,,0,0,1,0,0,1,1,0,6.0,3.0,3.0,0.0,2.0,2.0,7.0,,,,4.0,3.0,3.0,2.0,5.0,5.0,2.0,,5.0,5.0,5.0,,,2.0,6.0,l7r,2025-11-25 15:33:42.520312
,,,,,,,4.0,4.0,4.0,3.0,,,,8.0,,,685_983902,-999,2025-11-25T15:46:33.734Z,4.0,2.0,6.0,4.0,4.0,3.0,5.0,11,8,7,8,7,3,1,4,1.0,1.0,3,2,2,2,1,2,3,1.0,2.0,3.0,3.0,3.0,10.0,5.0,8,8,1,6,3,1,1,1,8,1,0,8,6,10,9,1,6,5,3,8,8.0,0,0,0.0,0,,0,0,1,1,1,1,1,1,7.0,3.0,3.0,0.0,2.0,2.0,4.0,,,,1.7,6.0,6.0,4.0,6.0,4.0,4.0,5.0,5.0,6.0,5.0,,,5.0,6.0,685,2025-11-25 15:33:43.779616
,,,,,,,2.0,3.0,4.0,4.0,,,,10.0,Gut,,m80_140743,-999,2025-11-25T15:47:48.816Z,6.0,3.0,4.0,6.0,6.0,5.0,,10,6,6,7,6,3,2,4,2.0,1.0,4,3,5,4,4,5,3,1.0,1.0,10.0,9.0,7.0,5.0,1.0,8,8,2,2,10,1,4,1,10,6,8,3,6,7,3,2,2,9,9,0,8.0,0,1,0.0,0,,1,1,1,0,1,1,1,0,1.0,3.0,2.0,0.0,4.0,3.0,4.0,,,,,6.0,7.0,6.0,7.0,4.0,3.0,5.0,6.0,6.0,7.0,,,,,m80,2025-11-25 15:33:43.841169
,,,,,,,3.0,3.0,3.0,3.0,,,,0.0,,,9jr_764274,-999,2025-11-25T16:00:21.631Z,4.0,4.0,4.0,4.0,4.0,4.0,4.0,10,1,7,7,2,3,3,3,2.0,1.0,0,0,0,0,0,0,0,,,7.0,,,,,6,6,6,6,9,1,2,1,7,1,8,6,11,6,6,1,6,6,6,6,,0,0,0.0,0,,0,0,1,0,1,1,1,0,3.0,2.0,2.0,1.0,4.0,,7.0,,,,2.0,7.0,5.0,5.0,6.0,5.0,3.0,5.0,3.0,3.0,5.0,,,11.0,3.0,9jr,2025-11-25 15:33:44.604467
,,,,,,,3.0,2.0,4.0,3.0,,,,1.0,,,i9d_394220,-999,2025-11-25T15:54:20.741Z,4.0,2.0,6.0,5.0,6.0,4.0,6.0,10,5,7,8,6,3,1,5,1.0,1.0,2,1,4,4,4,4,2,1.0,7.0,9.0,4.0,6.0,5.0,1.0,8,7,1,0,5,1,2,0,6,2,0,7,5,7,0,1,0,0,6,0,6.0,0,0,0.0,0,,0,0,1,0,1,1,1,1,1.0,3.0,3.0,0.0,2.0,1.0,2.0,,,,2.3,4.0,5.0,5.0,5.0,5.0,4.0,3.0,6.0,6.0,7.0,,,5.0,6.0,i9d,2025-11-25 15:33:44.848323
,,,,,,,4.0,4.0,4.0,4.0,,,,10.0,,,fw2_949460,-999,2025-11-25T15:46:56.843Z,2.0,2.0,6.0,2.0,4.0,2.0,2.0,9,6,7,8,7,4,3,4,1.0,1.0,4,3,4,4,4,4,3,2.0,5.0,4.0,3.0,5.0,9.0,10.0,7,6,5,6,5,1,1,1,5,4,6,6,8,8,0,4,6,5,3,6,8.0,0,0,0.0,0,,0,0,1,0,1,0,0,0,6.0,3.0,2.0,0.0,5.0,3.0,4.0,,,,2.0,4.0,4.0,4.0,4.0,4.0,4.0,4.0,4.0,4.0,4.0,,,6.0,0.0,fw2,2025-11-25 15:33:46.108393
,,,,,,,0.0,0.0,0.0,0.0,,,,0.0,,,9im_576489,-999,2025-11-25T15:40:37.925Z,0.0,0.0,0.0,0.0,0.0,0.0,0.0,0,0,0,0,0,0,0,0,0.0,0.0,0,0,0,0,0,0,0,0.0,0.0,0.0,0.0,0.0,0.0,0.0,0,0,0,0,0,0,0,0,0,0,0,0,0,0,0,0,0,0,0,0,0.0,0,0,0.0,0,,0,0,1,0,0,0,1,1,0.0,3.0,2.0,1.0,4.0,3.0,0.0,,,,,0.0,0.0,0.0,0.0,0.0,0.0,0.0,0.0,0.0,0.0,,,5.0,,9im,2025-11-25 15:33:46.411828
,,,,,,,4.0,3.0,4.0,4.0,,,,0.0,,,fyg_597229,-999,2025-11-25T15:49:53.727Z,2.0,1.0,7.0,1.0,2.0,3.0,3.0,11,10,8,9,7,3,1,4,1.0,1.0,4,3,4,4,4,5,2,1.0,2.0,3.0,2.0,3.0,10.0,10.0,5,5,1,0,3,1,1,1,3,1,4,7,10,8,0,1,0,2,2,2,9.0,0,0,1.0,1,,0,0,1,0,1,0,1,0,6.0,3.0,3.0,0.0,2.0,1.0,6.0,,,,2.7,3.0,2.0,2.0,4.0,6.0,5.0,6.0,5.0,2.0,6.0,,,5.0,6.0,fyg,2025-11-25 15:33:46.959358
,,,,,,,3.0,3.0,2.0,4.0,,,,14.0,,,n64_686207,-999,-999,2.0,1.0,7.0,2.0,3.0,4.0,3.0,11,0,9,9,6,3,2,6,1.0,1.0,4,2,4,2,2,4,3,1.0,5.0,3.0,3.0,6.0,9.0,,0,5,1,0,1,1,1,1,5,5,0,9,9,11,0,1,0,1,2,0,7.0,0,0,1.0,1,,1,0,1,0,1,1,1,1,7.0,3.0,1.0,0.0,5.0,2.0,6.0,,,,3.7,2.0,4.0,2.0,6.0,5.0,5.0,6.0,6.0,4.0,2.0,,,,3.0,n64,2025-11-25 15:33:46.647867
,,,,,,,3.0,3.0,4.0,4.0,,,,0.0,,,3z0_238059,-999,2025-11-25T16:06:11.227Z,1.0,1.0,6.0,2.0,1.0,3.0,3.0,11,3,8,8,7,3,1,4,2.0,1.0,4,3,4,4,4,3,3,1.0,3.0,4.0,3.0,4.0,9.0,10.0,9,6,3,0,3,1,2,2,6,4,7,8,8,9,0,2,0,4,3,5,8.0,0,0,0.0,1,,0,0,0,0,1,1,1,0,11.0,3.0,2.0,0.0,5.0,3.0,5.0,,,,2.3,6.0,6.0,5.0,6.0,6.0,6.0,7.0,5.0,3.0,4.0,,,4.0,2.0,3z0,2025-11-25 15:33:47.406449
2003.0,1.0,2.0,1.0,0.0,1.0,0.0,4.0,4.0,4.0,5.0,1.0,75.0,2023.0,0.0,,,8dw_668603,-999,2025-11-25T15:49:30.804Z,5.0,1.0,5.0,4.0,3.0,4.0,5.0,10,6,7,7,7,4,2,4,1.0,1.0,5,2,4,5,5,5,3,1.0,3.0,3.0,3.0,3.0,4.0,6.0,4,3,3,3,1,1,1,3,1,4,4,4,10,2,3,1,3,4,2,3,6.0,1,1,1.0,0,,1,0,1,0,1,0,1,1,9.0,3.0,1.0,1.0,4.0,2.0,4.0,0.0,5.0,1.0,1.0,7.0,5.0,7.0,4.0,7.0,6.0,7.0,3.0,3.0,6.0,1.0,1.0,2.0,5.0,8dw,2025-11-25 15:33:48.308243
,,,,,,,3.0,3.0,3.0,4.0,,,,10.0,,,f4b_447178,-999,2025-11-25T15:50:05.598Z,4.0,2.0,6.0,3.0,5.0,3.0,4.0,11,7,7,6,6,3,2,5,1.0,1.0,4,3,4,4,4,4,2,1.0,2.0,7.0,4.0,4.0,,6.0,9,0,0,0,5,2,1,1,5,2,0,0,6,6,0,1,0,0,6,0,7.0,0,0,0.0,0,,0,0,1,0,1,0,1,1,0.0,3.0,2.0,1.0,4.0,3.0,6.0,,,,0.0,7.0,6.0,7.0,7.0,6.0,6.0,6.0,6.0,5.0,5.0,,,6.0,5.0,f4b,2025-11-25 15:33:48.744926
,,,,,,,3.0,4.0,4.0,4.0,,,,0.0,,,qip_900374,-999,2025-11-25T15:46:40.935Z,3.0,1.0,7.0,3.0,5.0,2.0,4.0,11,10,7,8,7,3,1,4,1.0,1.0,4,4,5,4,4,5,3,1.0,1.0,4.0,3.0,4.0,8.0,4.0,9,8,1,5,4,1,1,1,9,1,7,9,2,9,8,1,3,2,2,2,8.0,0,0,0.0,0,,0,0,1,1,1,0,1,1,3.0,3.0,3.0,0.0,2.0,2.0,4.0,,,,3.0,3.0,4.0,3.0,6.0,2.0,2.0,5.0,4.0,5.0,6.0,,,4.0,6.0,qip,2025-11-25 15:33:48.890947
2006.0,2.0,2.0,2.0,2.0,1.0,1.0,3.0,3.0,4.0,4.0,1.0,78.0,2024.0,10.0,,,dky_971991,-999,2025-11-25T15:51:37.690Z,6.0,3.0,6.0,5.0,4.0,5.0,6.0,11,1,7,8,6,5,2,6,2.0,1.0,4,3,4,4,4,2,0,1.0,2.0,9.0,7.0,5.0,6.0,2.0,0,0,0,0,0,1,1,0,0,0,0,0,0,0,0,1,0,0,0,0,8.0,0,0,0.0,0,,0,0,1,0,1,1,1,0,3.0,3.0,2.0,0.0,5.0,3.0,1.0,1.0,5.0,1.0,2.0,6.0,6.0,5.0,7.0,5.0,3.0,7.0,5.0,6.0,6.0,1.0,2.0,5.0,2.0,dky,2025-11-25 15:33:50.123560
,,,,,,,4.0,4.0,4.0,4.0,,,,0.0,,,bjp_354599,-999,2025-11-25T15:47:20.812Z,3.0,3.0,6.0,2.0,4.0,2.0,3.0,11,10,7,7,8,2,1,3,1.0,1.0,4,2,4,4,4,0,2,1.0,1.0,2.0,2.0,1.0,10.0,9.0,0,0,0,0,0,0,1,0,0,0,0,0,0,0,0,1,0,0,0,0,10.0,0,0,0.0,0,,0,0,1,0,1,1,1,0,7.0,3.0,3.0,0.0,2.0,2.0,6.0,,,,3.7,6.0,6.0,4.0,6.0,3.0,6.0,4.0,4.0,4.0,6.0,,,6.0,3.0,bjp,2025-11-25 15:33:50.821585
,,,,,,,4.0,4.0,5.0,4.0,,,,0.0,,,39j_238436,-999,2025-11-25T15:47:00.021Z,1.0,1.0,7.0,1.0,1.0,1.0,1.0,11,11,10,11,10,4,1,6,1.0,1.0,5,3,5,4,4,5,3,1.0,1.0,2.0,2.0,1.0,10.0,11.0,8,7,1,11,2,1,1,1,7,1,9,8,11,11,11,1,10,1,1,2,7.0,0,1,1.0,0,,0,0,1,0,1,1,1,0,6.0,3.0,3.0,0.0,3.0,2.0,3.0,,,,2.0,1.0,4.0,5.0,6.0,6.0,5.0,5.0,6.0,7.0,6.0,,,8.0,4.0,39j,2025-11-25 15:33:50.957220
,,,,,,,4.0,3.0,4.0,4.0,,,,25.0,,,mtz_349248,-999,2025-11-25T15:45:31.741Z,3.0,3.0,4.0,2.0,6.0,5.0,5.0,11,3,7,8,6,3,1,5,2.0,1.0,5,1,4,5,4,4,2,1.0,1.0,6.0,5.0,11.0,4.0,1.0,8,7,1,0,3,1,2,9,8,4,6,6,3,4,0,2,0,6,7,0,6.0,0,0,0.0,0,,0,0,0,0,1,0,1,0,5.0,3.0,2.0,0.0,5.0,3.0,7.0,,,,4.0,2.0,5.0,2.0,7.0,2.0,2.0,4.0,4.0,6.0,6.0,,,10.0,6.0,mtz,2025-11-25 15:33:52.514449
,,,,,,,2.0,2.0,4.0,4.0,,,,10.0,,,hyf_628948,-999,2025-11-25T15:46:44.138Z,1.0,1.0,7.0,1.0,2.0,2.0,2.0,11,8,8,9,7,4,2,4,1.0,1.0,4,2,4,4,4,4,2,1.0,3.0,2.0,1.0,2.0,9.0,11.0,0,0,0,0,0,0,0,0,0,0,0,0,0,0,0,1,0,0,0,0,6.0,1,0,0.0,0,,0,1,1,0,1,1,1,0,6.0,3.0,3.0,0.0,2.0,1.0,7.0,,,,3.0,2.0,4.0,1.0,7.0,7.0,6.0,6.0,7.0,5.0,6.0,,,1.0,2.0,hyf,2025-11-25 15:33:53.256331
,,,,,,,3.0,2.0,4.0,3.0,,,,10.0,,,ph3_168252,-999,2025-11-25T15:46:33.455Z,1.0,1.0,7.0,1.0,1.0,1.0,2.0,11,8,9,10,8,5,1,6,1.0,1.0,4,2,3,4,4,0,2,1.0,1.0,4.0,2.0,2.0,9.0,10.0,3,7,1,0,1,1,1,1,6,1,0,3,9,8,0,1,0,4,1,4,7.0,0,0,0.0,0,,0,0,1,0,0,0,1,1,7.0,3.0,3.0,0.0,1.0,1.0,7.0,,,,4.0,2.0,2.0,2.0,6.0,5.0,4.0,5.0,7.0,6.0,5.0,,,1.0,4.0,ph3,2025-11-25 15:33:53.820960
,,,,,,,3.0,3.0,4.0,4.0,,,,0.0,,,1a7_612306,-999,2025-11-25T15:47:34.162Z,3.0,2.0,7.0,1.0,0.0,1.0,4.0,11,0,8,9,7,6,2,5,2.0,1.0,0,0,0,0,0,0,0,1.0,1.0,3.0,2.0,6.0,8.0,5.0,9,0,0,0,4,1,1,2,6,4,6,9,6,8,0,2,0,0,4,0,9.0,0,0,1.0,0,,0,0,0,0,1,0,1,0,3.0,3.0,2.0,0.0,4.0,3.0,4.0,,,,2.0,4.0,6.0,5.0,5.0,6.0,3.0,5.0,6.0,2.0,3.0,,,3.0,4.0,1a7,2025-11-25 15:33:54.433810
,,,,,,,3.0,3.0,5.0,4.0,,,,,,,7w1_699445,-999,2025-11-25T15:47:09.970Z,1.0,2.0,6.0,2.0,2.0,2.0,3.0,0,9,10,11,8,4,1,5,1.0,1.0,4,3,4,4,5,5,3,1.0,1.0,1.0,1.0,1.0,9.0,10.0,1,8,1,11,1,1,1,1,5,1,1,0,11,9,0,1,4,2,1,6,6.0,0,0,0.0,0,,0,0,0,1,1,1,1,1,6.0,3.0,2.0,0.0,5.0,3.0,6.0,,,,3.3,4.0,4.0,2.0,4.0,6.0,3.0,5.0,5.0,5.0,4.0,,,6.0,2.0,7w1,2025-11-25 15:33:56.008133
,,,,,,,2.0,2.0,1.0,2.0,,,,0.0,,,8mx_489683,-999,2025-11-25T15:47:04.933Z,1.0,1.0,6.0,1.0,1.0,3.0,1.0,11,11,11,11,11,7,4,6,1.0,1.0,4,1,4,4,4,1,1,1.0,1.0,1.0,1.0,1.0,1.0,10.0,3,1,1,9,1,1,1,1,1,1,1,1,1,6,1,1,1,1,1,1,3.0,0,0,0.0,0,,0,0,1,0,1,0,1,1,6.0,3.0,2.0,0.0,4.0,3.0,7.0,,,,,3.0,7.0,5.0,7.0,3.0,3.0,5.0,6.0,7.0,5.0,,,5.0,,8mx,2025-11-25 15:33:56.026754
,,,,,,,4.0,2.0,4.0,3.0,,,,0.0,,,swx_915733,-999,2025-11-25T15:42:46.746Z,5.0,0.0,0.0,0.0,0.0,3.0,8.0,11,0,7,7,6,4,2,5,2.0,1.0,4,0,1,4,4,4,0,2.0,0.0,7.0,7.0,10.0,4.0,2.0,0,0,0,0,7,1,3,3,8,4,5,0,3,4,0,0,0,0,0,0,5.0,0,0,1.0,1,,1,0,0,0,1,0,1,0,11.0,3.0,2.0,1.0,5.0,3.0,7.0,,,,2.3,5.0,5.0,7.0,6.0,4.0,3.0,6.0,5.0,5.0,5.0,,,60.0,5.0,swx,2025-11-25 15:33:56.224681
,,,,,,,2.0,2.0,3.0,3.0,,,,0.0,,,rvu_793684,-999,2025-11-25T15:44:22.413Z,1.0,1.0,6.0,1.0,2.0,2.0,2.0,11,6,7,8,7,4,2,4,1.0,1.0,3,2,4,4,2,4,3,1.0,3.0,2.0,2.0,3.0,7.0,10.0,7,7,1,0,2,1,1,1,6,1,6,7,10,9,0,1,0,1,1,0,7.0,0,0,1.0,0,,0,0,1,0,1,1,1,1,6.0,3.0,3.0,0.0,2.0,2.0,7.0,,,,3.0,6.0,5.0,5.0,5.0,7.0,5.0,6.0,6.0,2.0,5.0,,,3.0,5.0,rvu,2025-11-25 15:33:57.462629
,,,,,,,3.0,3.0,4.0,4.0,,,,,,,klf_721142,-999,2025-11-25T15:47:04.115Z,6.0,,6.0,5.0,7.0,5.0,7.0,11,5,7,8,7,4,1,5,2.0,1.0,5,4,4,4,5,4,4,1.0,1.0,10.0,9.0,9.0,9.0,2.0,10,8,1,8,9,1,2,1,8,3,8,8,1,8,7,1,1,5,8,7,9.0,0,0,0.0,0,,0,0,1,0,0,1,1,1,1.0,3.0,3.0,0.0,2.0,2.0,7.0,,,,3.0,5.0,5.0,7.0,7.0,7.0,0.0,6.0,5.0,5.0,7.0,,,3.0,2.0,klf,2025-11-25 15:33:57.690452
,,,,,,,5.0,5.0,4.0,4.0,,,,10.0,,,yo0_310161,-999,2025-11-25T15:45:50.161Z,5.0,2.0,5.0,2.0,5.0,3.0,7.0,11,5,8,9,6,3,2,5,2.0,1.0,5,1,4,5,5,5,2,1.0,1.0,9.0,9.0,7.0,4.0,3.0,8,0,0,0,8,1,1,1,9,6,3,0,1,0,0,1,0,0,1,0,5.0,0,0,0.0,1,,0,1,1,0,1,1,1,0,11.0,3.0,3.0,1.0,1.0,1.0,3.0,,,,3.0,5.0,2.0,1.0,7.0,6.0,6.0,5.0,6.0,6.0,7.0,,,20.0,5.0,yo0,2025-11-25 15:33:58.946477
,,,,,,,2.0,3.0,5.0,5.0,,,,5.0,,,w10_794712,-999,2025-11-25T15:49:22.563Z,7.0,4.0,5.0,6.0,7.0,6.0,6.0,11,0,6,7,6,4,1,5,2.0,1.0,5,4,5,5,5,5,4,1.0,1.0,11.0,9.0,11.0,4.0,1.0,10,8,1,1,10,1,3,4,10,9,10,9,1,4,3,1,1,10,9,10,6.0,0,0,0.0,1,,1,1,1,0,1,1,1,1,5.0,3.0,3.0,0.0,2.0,2.0,3.0,,,,0.0,2.0,6.0,6.0,6.0,3.0,3.0,7.0,6.0,6.0,6.0,,,5.0,3.0,w10,2025-11-25 15:33:59.313563
,,,,,,,3.0,3.0,4.0,4.0,,,,0.0,,,gpm_278295,-999,-999,1.0,1.0,7.0,2.0,3.0,1.0,3.0,11,7,8,9,7,4,2,5,2.0,2.0,4,3,4,4,4,4,2,1.0,1.0,2.0,1.0,3.0,10.0,10.0,8,8,1,8,1,1,1,1,4,2,8,9,8,10,11,1,9,1,1,1,9.0,0,0,1.0,0,,0,0,0,1,1,1,1,0,7.0,3.0,3.0,0.0,2.0,2.0,5.0,,,,2.0,3.0,6.0,6.0,6.0,5.0,4.0,6.0,7.0,6.0,7.0,,,15.0,2.0,gpm,2025-11-25 15:34:00.415166
,,,,,,,4.0,4.0,3.0,4.0,,,,,,,1k3_336815,-999,-999,4.0,2.0,6.0,3.0,5.0,5.0,5.0,11,7,7,8,8,6,1,4,2.0,2.0,4,3,4,4,4,3,3,1.0,7.0,5.0,4.0,7.0,9.0,7.0,8,6,6,6,3,1,1,1,7,8,5,6,4,6,6,3,4,4,8,5,9.0,1,0,0.0,0,,0,0,1,0,1,1,1,0,3.0,3.0,3.0,0.0,1.0,1.0,5.0,,,,2.0,5.0,6.0,6.0,,4.0,4.0,6.0,7.0,5.0,6.0,,,6.0,3.0,1k3,2025-11-25 15:34:01.632925
,,,,,,,3.0,4.0,4.0,5.0,,,,0.0,,,i49_890419,-999,-999,1.0,1.0,6.0,2.0,2.0,1.0,4.0,11,10,8,9,8,6,2,5,1.0,1.0,4,2,4,4,4,2,2,1.0,1.0,3.0,2.0,4.0,9.0,7.0,9,6,1,0,4,1,1,1,6,0,8,0,7,10,0,1,0,3,1,0,6.0,1,0,0.0,0,,0,0,1,0,1,1,1,0,7.0,3.0,3.0,0.0,2.0,2.0,3.0,,,,3.7,4.0,3.0,6.0,7.0,6.0,6.0,3.0,3.0,7.0,5.0,,,8.0,6.0,i49,2025-11-25 15:34:01.679002
,,,,,,,3.0,3.0,4.0,4.0,,,,0.0,,,k8p_531750,-999,2025-11-25T15:48:27.403Z,3.0,1.0,7.0,2.0,3.0,3.0,2.0,11,9,7,8,8,4,2,5,2.0,1.0,4,3,4,4,4,4,2,1.0,2.0,2.0,1.0,3.0,9.0,10.0,8,3,1,11,2,1,1,1,1,1,9,9,10,8,10,1,9,1,1,3,9.0,0,0,1.0,1,,0,0,1,1,1,1,1,1,6.0,3.0,3.0,0.0,3.0,2.0,7.0,,,,2.3,4.0,5.0,6.0,5.0,4.0,5.0,6.0,7.0,6.0,6.0,,,15.0,4.0,k8p,2025-11-25 15:34:01.696359
,,,,,,,3.0,2.0,2.0,2.0,,,,4.0,,,vja_833652,-999,2025-11-25T15:44:55.097Z,2.0,1.0,7.0,2.0,2.0,3.0,3.0,11,5,7,8,8,5,2,5,1.0,1.0,5,1,5,5,5,5,2,1.0,8.0,3.0,3.0,3.0,9.0,10.0,8,6,1,10,2,1,1,1,3,1,3,8,11,9,7,1,9,3,5,4,9.0,1,0,1.0,1,,1,0,1,0,1,0,1,1,6.0,3.0,3.0,0.0,3.0,2.0,6.0,,,,2.3,6.0,7.0,7.0,5.0,2.0,3.0,5.0,7.0,5.0,6.0,,,8.0,3.0,vja,2025-11-25 15:34:04.064087
,,,,,,,3.0,3.0,5.0,5.0,,,,0.0,,,20r_799003,-999,2025-11-25T15:46:26.501Z,6.0,7.0,2.0,7.0,7.0,6.0,8.0,9,1,7,8,7,3,1,4,2.0,2.0,4,4,5,4,4,0,4,1.0,1.0,9.0,6.0,7.0,10.0,1.0,9,9,1,0,9,1,2,3,7,5,7,4,3,11,4,1,1,2,4,2,4.0,0,0,0.0,0,,0,1,1,0,1,1,1,0,1.0,3.0,2.0,0.0,5.0,3.0,3.0,,,,3.0,4.0,7.0,5.0,7.0,3.0,1.0,4.0,6.0,6.0,2.0,,,2.0,2.0,20r,2025-11-25 15:34:04.077241
,,,,,,,4.0,4.0,1.0,2.0,,,,0.0,,,ctx_503703,-999,2025-11-25T15:43:40.733Z,6.0,5.0,5.0,6.0,7.0,5.0,6.0,10,5,7,8,6,4,1,3,1.0,2.0,4,1,4,5,4,4,2,1.0,1.0,8.0,5.0,10.0,3.0,1.0,8,3,1,4,6,3,1,1,8,5,2,5,1,4,4,2,2,4,9,4,5.0,0,0,1.0,0,,0,0,1,0,0,1,1,1,5.0,3.0,2.0,0.0,5.0,3.0,7.0,,,,3.3,2.0,4.0,2.0,5.0,5.0,5.0,3.0,5.0,2.0,2.0,,,0.0,4.0,ctx,2025-11-25 15:34:04.089163
,,,,,,,3.0,3.0,3.0,3.0,,,,0.0,,,8ql_206016,-999,2025-11-25T15:47:32.465Z,2.0,1.0,7.0,2.0,1.0,4.0,2.0,11,0,8,6,5,3,1,6,1.0,1.0,4,4,4,4,4,5,4,1.0,3.0,3.0,3.0,3.0,10.0,10.0,0,0,0,0,3,1,1,6,7,0,0,0,10,11,0,1,0,0,6,0,6.0,0,0,0.0,0,,0,0,1,1,1,1,1,1,6.0,3.0,2.0,0.0,5.0,3.0,4.0,,,,2.0,6.0,5.0,5.0,7.0,4.0,6.0,7.0,6.0,7.0,6.0,,,5.0,2.0,8ql,2025-11-25 15:34:04.101372
,,,,,,,3.0,3.0,3.0,3.0,,,,0.0,,,k3y_267562,-999,2025-11-25T15:50:19.118Z,1.0,1.0,7.0,1.0,1.0,1.0,1.0,10,7,9,8,6,7,3,6,1.0,1.0,2,0,4,2,3,5,1,1.0,1.0,1.0,1.0,1.0,9.0,10.0,0,0,0,0,0,0,0,0,0,0,0,0,0,0,0,0,0,0,0,0,9.0,0,0,0.0,0,,0,0,1,0,1,1,1,1,6.0,3.0,3.0,0.0,2.0,2.0,7.0,,,,3.7,3.0,2.0,2.0,7.0,7.0,4.0,1.0,3.0,4.0,4.0,,,2.0,6.0,k3y,2025-11-25 15:34:04.563281
,,,,,,,2.0,2.0,3.0,3.0,,,,0.0,,,fno_943668,-999,2025-11-25T15:45:52.281Z,5.0,1.0,6.0,4.0,2.0,4.0,2.0,11,9,8,8,7,3,1,4,1.0,1.0,4,2,4,4,4,4,3,1.0,2.0,2.0,2.0,3.0,7.0,11.0,6,0,1,0,2,1,1,0,6,1,0,0,11,6,0,1,0,5,3,0,8.0,0,0,0.0,0,,1,0,1,0,1,1,1,1,6.0,3.0,3.0,0.0,2.0,2.0,5.0,,,,2.0,4.0,5.0,5.0,7.0,5.0,3.0,6.0,6.0,4.0,5.0,,,5.0,6.0,fno,2025-11-25 15:34:05.560988
,,,,,,,3.0,3.0,4.0,3.0,,,,0.0,,,yc4_237927,-999,2025-11-25T15:52:36.842Z,3.0,4.0,6.0,4.0,0.0,3.0,2.0,11,0,8,8,10,3,1,5,1.0,1.0,4,3,3,4,5,2,3,1.0,1.0,2.0,2.0,2.0,10.0,10.0,0,0,0,0,2,1,1,0,3,0,0,0,11,9,0,1,0,0,2,0,7.0,0,0,0.0,0,,0,0,1,0,1,1,1,1,6.0,3.0,3.0,0.0,2.0,2.0,3.0,,,,3.3,5.0,5.0,2.0,5.0,3.0,3.0,5.0,3.0,3.0,4.0,,,10.0,6.0,yc4,2025-11-25 15:34:05.805814
,,,,,,,2.0,2.0,2.0,3.0,,,,16.0,,,1n8_146457,-999,2025-11-25T15:52:43.158Z,5.0,5.0,4.0,6.0,7.0,6.0,6.0,11,0,6,7,5,2,1,2,2.0,0.0,5,1,4,4,5,3,1,1.0,1.0,8.0,5.0,10.0,3.0,1.0,8,3,1,0,8,0,0,0,6,0,0,0,2,5,0,2,0,0,7,0,2.0,0,0,0.0,0,,0,0,0,0,1,1,1,0,0.0,3.0,3.0,0.0,2.0,2.0,5.0,,,,2.7,2.0,1.0,2.0,7.0,2.0,1.0,1.0,4.0,3.0,3.0,,,8.0,4.0,1n8,2025-11-25 15:34:06.674232
,,,,,,,3.0,3.0,4.0,4.0,,,,0.0,,,7a9_679086,-999,2025-11-25T15:45:26.856Z,4.0,2.0,6.0,5.0,4.0,3.0,5.0,11,2,8,8,8,3,1,5,2.0,2.0,4,3,4,4,4,4,2,1.0,1.0,7.0,5.0,6.0,9.0,3.0,10,8,1,9,9,1,1,1,7,2,8,10,5,11,5,1,0,6,4,9,10.0,0,0,0.0,0,,0,0,1,0,1,1,1,1,3.0,3.0,3.0,0.0,2.0,1.0,4.0,,,,3.3,4.0,6.0,3.0,6.0,4.0,2.0,3.0,3.0,4.0,5.0,,,3.0,6.0,7a9,2025-11-25 15:34:08.772237
,,,,,,,4.0,4.0,4.0,4.0,,,,0.0,,,r9o_844073,-999,2025-11-25T15:44:32.661Z,7.0,2.0,7.0,4.0,6.0,4.0,3.0,10,5,7,8,6,2,1,4,1.0,1.0,4,2,4,4,4,5,3,1.0,4.0,4.0,3.0,3.0,9.0,6.0,8,5,0,0,1,1,1,1,9,1,0,0,6,11,0,1,0,0,2,0,7.0,0,0,1.0,0,,1,0,1,0,1,1,1,1,7.0,3.0,3.0,0.0,2.0,2.0,5.0,,,,3.0,1.0,6.0,6.0,7.0,7.0,2.0,4.0,6.0,4.0,1.0,,,2.0,2.0,r9o,2025-11-25 15:34:10.587380
,,,,,,,3.0,4.0,2.0,4.0,,,,0.0,,,1zx_311326,-999,2025-11-25T15:47:18.688Z,2.0,1.0,7.0,3.0,3.0,1.0,3.0,11,9,8,8,7,3,1,4,1.0,1.0,5,2,4,3,4,5,2,1.0,1.0,1.0,1.0,1.0,11.0,8.0,9,10,1,0,2,1,1,1,7,2,7,9,9,11,10,1,8,4,3,0,10.0,1,0,0.0,0,,0,0,1,1,1,1,1,0,7.0,3.0,3.0,0.0,2.0,2.0,6.0,,,,3.0,3.0,5.0,5.0,7.0,6.0,3.0,6.0,6.0,7.0,4.0,,,5.0,3.0,1zx,2025-11-25 15:34:11.264166
,,,,,,,4.0,4.0,2.0,4.0,,,,0.0,Gut ,,vug_407280,-999,2025-11-25T15:48:26.070Z,2.0,1.0,6.0,1.0,4.0,1.0,,11,2,7,7,5,3,1,5,2.0,1.0,5,2,4,4,5,4,2,1.0,1.0,2.0,2.0,2.0,10.0,10.0,0,0,0,0,2,1,1,0,0,0,0,0,0,0,0,1,0,0,0,0,9.0,0,1,0.0,0,,0,0,1,1,1,1,1,0,7.0,3.0,3.0,0.0,2.0,2.0,6.0,,,,3.0,2.0,2.0,2.0,4.0,6.0,4.0,4.0,6.0,7.0,6.0,,,,2.0,vug,2025-11-25 15:34:11.484743
,,,,,,,3.0,3.0,3.0,3.0,,,,0.0,,,j0g_898164,-999,2025-11-25T15:47:10.338Z,4.0,4.0,5.0,4.0,5.0,4.0,4.0,11,9,7,7,7,4,1,6,1.0,1.0,4,4,4,4,4,4,4,1.0,2.0,4.0,4.0,6.0,8.0,7.0,9,7,6,6,3,1,1,6,6,4,3,7,11,10,6,1,7,9,4,11,6.0,0,1,0.0,0,,0,1,1,1,1,1,1,0,6.0,3.0,3.0,0.0,2.0,2.0,4.0,,,,1.7,4.0,4.0,6.0,7.0,5.0,5.0,7.0,6.0,7.0,7.0,,,6.0,3.0,j0g,2025-11-25 15:34:13.959003
,,,,,,,3.0,3.0,3.0,4.0,,,,0.0,,,mjb_609996,-999,-999,2.0,1.0,7.0,2.0,1.0,1.0,3.0,11,6,8,9,8,4,2,6,1.0,1.0,3,3,4,3,3,4,2,1.0,1.0,3.0,2.0,2.0,8.0,10.0,5,5,1,9,3,1,1,1,6,3,0,8,11,7,7,1,9,3,3,5,6.0,0,0,0.0,0,,0,0,1,0,1,1,1,1,6.0,2.0,3.0,0.0,1.0,1.0,7.0,,,,2.7,5.0,1.0,3.0,3.0,5.0,5.0,6.0,6.0,6.0,4.0,,,3.0,2.0,mjb,2025-11-25 15:34:14.448899
,,,,,,,4.0,3.0,3.0,4.0,,,,0.0,,,e30_556294,-999,2025-11-25T15:46:31.787Z,1.0,1.0,7.0,1.0,2.0,1.0,3.0,11,7,8,9,7,4,1,6,1.0,2.0,5,3,5,4,4,4,4,1.0,1.0,3.0,2.0,2.0,10.0,9.0,8,5,1,3,2,1,1,1,4,2,5,3,9,9,10,1,6,2,1,2,5.0,0,0,1.0,1,,0,0,1,0,1,0,1,0,7.0,2.0,3.0,0.0,1.0,2.0,6.0,,,,3.0,5.0,4.0,4.0,6.0,6.0,3.0,6.0,5.0,6.0,6.0,,,6.0,6.0,e30,2025-11-25 15:34:14.763905
,,,,,,,3.0,3.0,1.0,4.0,,,,0.0,,,hjk_202195,-999,2025-11-25T15:53:22.184Z,1.0,1.0,6.0,1.0,1.0,1.0,3.0,11,10,8,9,8,4,1,6,1.0,1.0,4,2,3,4,4,3,4,1.0,1.0,2.0,1.0,2.0,9.0,9.0,8,7,1,9,0,1,1,1,8,6,0,0,8,9,0,1,0,0,2,0,8.0,1,0,0.0,0,,0,0,1,1,1,0,1,0,6.0,3.0,3.0,0.0,2.0,1.0,7.0,,,,2.0,7.0,5.0,6.0,7.0,7.0,7.0,7.0,6.0,5.0,5.0,,,4.0,6.0,hjk,2025-11-25 15:34:15.408377
1996.0,2.0,1.0,0.0,1.0,1.0,1.0,3.0,2.0,2.0,4.0,2.0,0.0,2014.0,0.0,,,hcw_713547,-999,2025-11-25T17:10:20.860Z,3.0,1.0,7.0,3.0,6.0,1.0,5.0,11,8,7,6,6,2,1,4,2.0,2.0,4,2,3,4,4,2,3,1.0,3.0,8.0,10.0,6.0,6.0,,11,0,0,0,6,1,1,1,7,5,0,0,11,8,0,1,0,0,9,0,9.0,0,0,0.0,0,,0,0,0,0,1,0,0,0,2.0,3.0,2.0,0.0,4.0,3.0,7.0,3.0,5.0,0.0,2.0,6.0,3.0,7.0,7.0,4.0,7.0,7.0,6.0,2.0,6.0,1.0,1.0,9.0,4.0,hcw,2025-11-25 15:34:16.412453
,,,,,,,5.0,5.0,5.0,4.0,,,,0.0,,,bty_280696,-999,-999,4.0,2.0,6.0,4.0,4.0,2.0,4.0,11,8,7,8,0,3,2,5,1.0,1.0,4,3,4,4,4,4,3,1.0,1.0,1.0,1.0,1.0,10.0,8.0,9,7,1,7,1,1,1,1,7,1,6,8,2,11,9,1,8,1,1,6,8.0,0,0,0.0,0,,0,0,1,0,1,1,1,1,7.0,3.0,3.0,0.0,2.0,2.0,3.0,,,,3.7,4.0,4.0,5.0,7.0,6.0,6.0,5.0,6.0,6.0,6.0,,,4.0,3.0,bty,2025-11-25 15:34:19.462751
,,,,,,,4.0,4.0,5.0,4.0,,,,0.0,,,t6m_557464,-999,2025-11-25T15:48:55.420Z,5.0,1.0,6.0,2.0,4.0,2.0,3.0,10,8,8,8,7,4,1,5,1.0,1.0,4,3,4,4,4,3,1,1.0,2.0,2.0,2.0,4.0,10.0,10.0,4,0,0,0,2,1,1,0,9,0,0,0,10,11,0,1,0,0,3,0,6.0,0,0,1.0,0,,0,0,1,0,1,1,1,0,6.0,3.0,2.0,0.0,4.0,3.0,4.0,,,,3.7,5.0,4.0,5.0,5.0,7.0,5.0,6.0,6.0,4.0,6.0,,,4.0,6.0,t6m,2025-11-25 15:34:20.386150
,,,,,,,3.0,3.0,2.0,2.0,,,,2.0,,,vhs_868666,-999,2025-11-25T15:46:04.323Z,7.0,2.0,6.0,5.0,7.0,4.0,6.0,11,4,8,9,8,2,1,4,1.0,1.0,4,1,4,4,4,4,2,2.0,9.0,9.0,8.0,7.0,8.0,2.0,10,9,0,0,6,1,1,1,8,0,0,0,10,4,0,1,0,0,3,0,6.0,0,0,0.0,0,,0,0,1,0,1,1,1,1,7.0,3.0,1.0,0.0,4.0,2.0,7.0,,,,4.0,5.0,7.0,7.0,7.0,6.0,3.0,7.0,7.0,3.0,7.0,,,4.0,1.0,vhs,2025-11-25 15:34:20.574092
,,,,,,,3.0,3.0,2.0,4.0,,,,6.0,,,6hy_394830,-999,2025-11-25T15:43:56.081Z,6.0,1.0,7.0,4.0,5.0,2.0,3.0,11,4,8,8,5,5,1,5,1.0,1.0,4,2,4,4,4,4,2,1.0,11.0,4.0,4.0,7.0,7.0,9.0,8,6,6,6,2,4,5,1,5,7,6,6,6,7,6,1,6,2,10,6,8.0,1,0,0.0,0,,0,0,1,0,1,1,1,1,8.0,3.0,3.0,0.0,2.0,2.0,7.0,,,,3.0,5.0,6.0,6.0,6.0,4.0,6.0,6.0,5.0,4.0,6.0,,,4.0,6.0,6hy,2025-11-25 15:34:23.045443
,,,,,,,3.0,3.0,2.0,3.0,,,,7.0,,,843_445022,-999,2025-11-25T15:45:29.719Z,4.0,4.0,5.0,4.0,4.0,4.0,5.0,11,8,8,9,6,3,1,4,1.0,1.0,4,4,4,3,4,3,2,1.0,4.0,10.0,8.0,2.0,4.0,2.0,6,7,0,0,8,1,1,1,4,3,4,7,3,7,5,3,0,7,6,7,10.0,1,1,1.0,1,,1,0,1,0,1,1,1,1,3.0,3.0,2.0,0.0,5.0,3.0,7.0,,,,5.0,3.0,4.0,2.0,3.0,6.0,6.0,3.0,5.0,6.0,5.0,,,1.0,2.0,843,2025-11-25 15:34:23.515478
,,,,,,,5.0,4.0,3.0,3.0,,,,0.0,,,1ds_523494,-999,2025-11-25T15:54:05.813Z,1.0,2.0,6.0,4.0,2.0,2.0,2.0,0,5,7,8,6,5,1,5,1.0,1.0,4,3,4,2,4,4,2,1.0,4.0,1.0,2.0,1.0,6.0,9.0,6,8,1,6,3,1,1,1,2,1,4,6,10,9,6,1,6,1,1,6,5.0,0,0,0.0,0,,0,0,1,0,1,1,1,0,6.0,3.0,3.0,0.0,2.0,2.0,4.0,,,,3.3,3.0,6.0,2.0,7.0,5.0,3.0,6.0,6.0,6.0,5.0,,,3.0,6.0,1ds,2025-11-25 15:34:27.523610
,,,,,,,3.0,3.0,1.0,3.0,,,,10.0,,,99v_649057,-999,2025-11-25T15:52:11.867Z,1.0,1.0,7.0,1.0,1.0,1.0,2.0,11,9,8,9,8,4,2,6,1.0,1.0,5,0,0,4,5,4,0,1.0,1.0,1.0,1.0,1.0,7.0,10.0,0,0,0,0,1,1,1,1,0,0,0,0,11,11,0,1,0,1,1,0,5.0,0,0,0.0,0,,0,0,1,1,1,1,1,1,6.0,3.0,3.0,0.0,2.0,2.0,2.0,,,,3.3,3.0,2.0,4.0,1.0,1.0,4.0,3.0,4.0,5.0,4.0,,,1.0,6.0,99v,2025-11-25 15:34:27.001339
,,,,,,,3.0,3.0,4.0,4.0,,,,0.0,,,7mf_984097,-999,2025-11-25T15:50:56.404Z,6.0,2.0,5.0,5.0,6.0,5.0,7.0,10,4,6,7,6,4,2,4,2.0,1.0,4,3,4,4,4,4,2,3.0,5.0,9.0,10.0,10.0,7.0,3.0,3,5,3,3,7,2,2,0,7,7,7,8,7,7,7,6,6,9,8,11,7.0,0,0,0.0,0,,0,1,1,0,1,1,1,1,5.0,3.0,3.0,0.0,2.0,2.0,5.0,,,,1.7,6.0,6.0,5.0,7.0,5.0,4.0,5.0,6.0,5.0,5.0,,,5.0,6.0,7mf,2025-11-25 15:34:28.132939
,,,,,,,5.0,3.0,2.0,3.0,,,,0.0,,,e6v_113624,-999,2025-11-25T15:49:37.483Z,5.0,5.0,5.0,4.0,5.0,3.0,7.0,10,1,6,5,11,4,3,6,1.0,1.0,5,0,3,4,4,0,0,0.0,0.0,0.0,0.0,0.0,0.0,0.0,0,0,0,0,3,3,3,1,7,0,0,0,5,0,0,0,0,0,0,0,0.0,0,0,0.0,0,,1,1,1,0,0,1,1,1,11.0,3.0,3.0,1.0,2.0,2.0,5.0,,,,2.0,6.0,7.0,7.0,7.0,5.0,5.0,6.0,3.0,4.0,7.0,,,5.0,4.0,e6v,2025-11-25 15:34:29.067578
,,,,,,,3.0,2.0,2.0,2.0,,,,0.0,,,obm_986677,-999,2025-11-25T15:46:36.434Z,6.0,5.0,4.0,6.0,7.0,6.0,4.0,10,8,7,8,8,4,2,6,1.0,1.0,3,3,3,3,3,3,3,6.0,9.0,4.0,4.0,7.0,8.0,9.0,6,6,3,6,7,7,6,2,7,6,6,6,5,9,6,6,6,6,6,6,7.0,0,0,0.0,0,,0,0,1,0,1,0,1,1,3.0,3.0,3.0,0.0,2.0,1.0,6.0,,,,3.3,4.0,2.0,3.0,5.0,3.0,2.0,6.0,3.0,3.0,6.0,,,3.0,0.0,obm,2025-11-25 15:34:30.090097
,,,,,,,3.0,2.0,4.0,4.0,,,,0.0,,,zrm_882243,-999,2025-11-25T15:49:56.520Z,2.0,3.0,5.0,3.0,7.0,5.0,4.0,10,8,7,8,6,4,2,5,2.0,1.0,3,3,3,3,3,3,3,1.0,3.0,3.0,2.0,5.0,8.0,6.0,6,7,1,5,2,1,1,1,7,2,5,6,8,10,6,1,4,2,1,1,8.0,0,0,0.0,0,,0,0,1,0,1,1,1,0,0.0,5.0,3.0,0.0,1.0,1.0,6.0,,,,3.7,6.0,4.0,5.0,7.0,5.0,3.0,6.0,6.0,6.0,6.0,,,2.0,2.0,zrm,2025-11-25 15:34:31.288888
,,,,,,,4.0,4.0,4.0,5.0,,,,20.0,,,2g7_257154,-999,2025-11-25T15:43:11.267Z,2.0,1.0,6.0,2.0,1.0,1.0,3.0,11,4,9,10,7,4,2,6,1.0,1.0,4,1,2,3,3,2,1,1.0,2.0,2.0,1.0,1.0,10.0,8.0,8,6,1,0,2,1,1,1,9,3,8,7,11,10,0,1,0,3,2,6,9.0,0,0,0.0,0,,0,0,1,0,1,0,1,0,7.0,3.0,2.0,0.0,4.0,3.0,3.0,,,,1.7,5.0,4.0,4.0,7.0,5.0,6.0,6.0,6.0,5.0,6.0,,,10.0,5.0,2g7,2025-11-25 15:34:31.985472
,,,,,,,3.0,3.0,4.0,5.0,,,,0.0,Gute Umfrage :),,1ru_982216,-999,2025-11-25T15:43:18.283Z,7.0,1.0,6.0,3.0,5.0,2.0,7.0,0,5,7,7,9,1,3,7,1.0,1.0,5,1,4,5,5,4,1,1.0,3.0,7.0,7.0,6.0,8.0,9.0,6,6,6,6,9,1,2,6,10,10,6,6,3,6,6,1,6,6,6,6,6.0,0,1,0.0,0,,0,0,1,0,1,0,0,0,11.0,3.0,3.0,0.0,3.0,2.0,6.0,,,,3.0,5.0,5.0,4.0,7.0,5.0,5.0,6.0,2.0,3.0,6.0,,,,2.0,1ru,2025-11-25 15:34:33.717564
,,,,,,,5.0,4.0,4.0,3.0,,,,0.0,,,vpi_793672,-999,2025-11-25T15:45:05.492Z,4.0,1.0,5.0,4.0,3.0,3.0,4.0,10,6,6,7,5,3,1,3,0.0,2.0,4,2,4,3,3,4,3,4.0,4.0,5.0,5.0,4.0,6.0,6.0,0,0,0,0,6,3,3,4,6,6,0,0,6,0,0,4,0,0,5,0,6.0,0,0,0.0,0,,0,0,1,0,1,0,1,1,11.0,3.0,1.0,0.0,4.0,2.0,6.0,,,,3.0,6.0,4.0,3.0,5.0,5.0,4.0,6.0,6.0,5.0,6.0,,,3.0,6.0,vpi,2025-11-25 15:34:41.868162
,,,,,,,3.0,3.0,4.0,4.0,,,,0.0,,,pkl_813739,-999,2025-11-25T15:51:58.025Z,4.0,2.0,5.0,4.0,6.0,5.0,6.0,11,4,7,8,9,4,1,6,1.0,1.0,4,2,3,4,4,2,3,1.0,1.0,7.0,7.0,6.0,7.0,1.0,10,0,2,0,6,1,2,2,7,6,0,0,5,8,0,3,0,0,7,0,7.0,0,0,0.0,0,,0,0,1,1,1,0,1,0,0.0,4.0,1.0,0.0,4.0,2.0,6.0,,,,2.7,5.0,4.0,6.0,5.0,4.0,7.0,5.0,3.0,5.0,7.0,,,7.0,3.0,pkl,2025-11-25 15:34:53.132356
,,,,,,,3.0,2.0,4.0,4.0,,,,,,,wto_277875,-999,2025-11-25T15:46:46.335Z,2.0,1.0,6.0,4.0,1.0,2.0,3.0,11,5,8,9,8,4,2,6,1.0,1.0,0,0,0,0,0,0,0,1.0,5.0,1.0,1.0,4.0,10.0,11.0,1,0,1,0,1,1,1,0,4,0,5,0,0,11,0,1,0,0,1,0,4.0,0,0,0.0,0,,0,0,1,0,0,0,1,0,6.0,3.0,3.0,0.0,2.0,2.0,7.0,,,,3.0,3.0,2.0,1.0,6.0,4.0,4.0,6.0,6.0,7.0,5.0,,,5.0,3.0,wto,2025-11-25 15:34:54.070416
,,,,,,,3.0,2.0,1.0,3.0,,,,10.0,,,gh9_197554,-999,2025-11-25T15:43:47.899Z,7.0,6.0,4.0,7.0,7.0,7.0,8.0,11,7,8,9,7,3,1,5,1.0,1.0,3,4,4,4,4,4,4,1.0,1.0,10.0,9.0,8.0,4.0,1.0,10,8,1,0,10,1,4,9,9,10,10,5,1,8,0,1,2,9,8,8,5.0,1,0,0.0,0,,0,1,1,1,1,1,1,0,1.0,3.0,3.0,0.0,2.0,2.0,2.0,,,,3.3,4.0,4.0,3.0,6.0,3.0,3.0,5.0,7.0,4.0,1.0,,,,1.0,gh9,2025-11-25 15:34:59.294410
,,,,,,,4.0,4.0,3.0,4.0,,,,10.0,,,vrj_477514,-999,2025-11-25T15:47:26.739Z,0.0,0.0,0.0,0.0,0.0,0.0,6.0,11,6,7,8,6,4,1,5,2.0,1.0,4,2,4,4,4,4,2,1.0,1.0,7.0,8.0,8.0,5.0,4.0,10,8,1,0,8,1,5,3,5,5,3,8,1,6,0,1,0,9,11,0,9.0,0,0,1.0,0,,1,0,1,0,1,1,1,1,3.0,3.0,3.0,0.0,2.0,2.0,7.0,,,,3.0,6.0,5.0,4.0,7.0,4.0,5.0,5.0,5.0,2.0,5.0,,,,3.0,vrj,2025-11-25 15:34:59.198878
,,,,,,,2.0,2.0,3.0,4.0,,,,5.0,,,g8f_256969,-999,2025-11-25T15:50:20.964Z,4.0,1.0,7.0,3.0,6.0,3.0,4.0,11,6,8,9,9,4,1,4,1.0,1.0,4,2,4,4,4,4,2,1.0,1.0,2.0,1.0,2.0,5.0,4.0,5,5,1,0,1,1,1,1,6,1,2,4,6,7,0,1,0,3,1,0,5.0,0,0,0.0,0,,0,0,1,0,1,1,1,0,0.0,3.0,3.0,0.0,2.0,2.0,5.0,,,,1.7,6.0,5.0,7.0,7.0,6.0,4.0,6.0,4.0,6.0,6.0,,,3.0,2.0,g8f,2025-11-25 15:35:00.532950
,,,,,,,3.0,3.0,4.0,3.0,,,,0.0,,,6vf_578179,-999,2025-11-25T15:52:00.752Z,3.0,2.0,6.0,2.0,4.0,3.0,3.0,10,6,7,8,8,4,2,5,1.0,1.0,4,2,4,4,5,4,2,1.0,5.0,3.0,2.0,2.0,9.0,9.0,6,6,1,9,1,1,1,1,3,1,0,6,8,10,0,1,9,1,2,2,8.0,0,0,0.0,0,,0,0,1,0,1,1,1,1,6.0,3.0,3.0,0.0,2.0,2.0,4.0,,,,2.3,6.0,6.0,3.0,6.0,4.0,3.0,6.0,3.0,2.0,5.0,,,8.0,6.0,6vf,2025-11-25 15:35:04.414050
,,,,,,,2.0,2.0,4.0,3.0,,,,0.0,,,msn_164751,-999,2025-11-25T15:46:20.770Z,4.0,1.0,7.0,2.0,1.0,2.0,4.0,11,10,7,7,6,4,1,4,1.0,1.0,4,4,3,3,4,2,4,1.0,1.0,4.0,4.0,7.0,9.0,6.0,6,0,0,0,4,1,1,0,8,0,0,0,11,9,0,1,0,0,7,0,10.0,0,0,0.0,0,,0,0,1,0,1,1,1,0,3.0,3.0,2.0,0.0,4.0,3.0,3.0,,,,2.0,7.0,6.0,6.0,7.0,4.0,6.0,7.0,6.0,6.0,7.0,,,6.0,2.0,msn,2025-11-25 15:35:05.211193
,,,,,,,4.0,4.0,4.0,5.0,,,,,,,ren_768630,-999,2025-11-25T15:48:58.393Z,2.0,2.0,6.0,3.0,5.0,5.0,3.0,10,6,8,9,9,3,2,5,1.0,2.0,5,2,5,5,5,5,3,1.0,2.0,3.0,2.0,4.0,10.0,8.0,5,5,1,0,2,1,1,1,4,1,0,7,7,11,0,1,0,2,2,0,7.0,0,0,1.0,1,,0,0,1,1,1,1,1,1,7.0,4.0,1.0,0.0,4.0,2.0,3.0,,,,2.0,3.0,3.0,4.0,6.0,7.0,6.0,6.0,6.0,6.0,5.0,,,2.0,0.0,ren,2025-11-25 15:35:13.221156
,,,,,,,2.0,2.0,2.0,1.0,,,,,Ich finde Karl Marx hat gefehlt,,fph_261991,-999,2025-11-25T15:44:40.826Z,1.0,1.0,7.0,1.0,1.0,1.0,1.0,11,8,9,9,8,7,4,8,1.0,2.0,5,1,4,5,5,4,1,1.0,1.0,1.0,1.0,1.0,1.0,6.0,1,1,1,0,1,1,1,1,1,1,1,1,0,2,1,1,4,1,1,1,1.0,0,0,0.0,0,,0,0,0,0,0,0,0,0,6.0,3.0,3.0,0.0,2.0,2.0,7.0,,,,2.0,4.0,6.0,7.0,7.0,7.0,3.0,7.0,4.0,4.0,7.0,,,,4.0,fph,2025-11-25 15:35:35.558155
,,,,,,,4.0,4.0,2.0,3.0,,,,3.0,,,70l_846549,-999,2025-11-25T15:48:42.771Z,2.0,1.0,6.0,2.0,3.0,1.0,3.0,11,9,8,10,7,4,2,5,2.0,1.0,4,3,4,3,3,4,4,1.0,1.0,3.0,2.0,2.0,9.0,9.0,7,8,1,8,2,1,1,1,9,3,7,7,11,8,6,1,8,3,2,3,8.0,0,1,1.0,0,,0,0,1,0,1,1,1,0,7.0,2.0,3.0,0.0,1.0,1.0,7.0,,,,2.7,3.0,3.0,4.0,3.0,3.0,4.0,5.0,5.0,6.0,5.0,,,5.0,2.0,70l,2025-11-25 15:35:37.126265
,,,,,,,3.0,3.0,5.0,4.0,,,,5.0,,,uqn_107623,-999,-999,5.0,4.0,5.0,4.0,4.0,4.0,6.0,10,5,8,8,5,2,1,6,2.0,1.0,4,3,4,3,4,3,2,6.0,6.0,8.0,8.0,9.0,7.0,4.0,0,0,0,0,5,1,4,0,0,8,0,0,8,5,0,6,0,0,0,0,6.0,0,0,0.0,0,,0,1,1,0,1,1,1,1,5.0,3.0,2.0,0.0,5.0,3.0,3.0,,,,3.7,6.0,5.0,3.0,3.0,5.0,6.0,4.0,6.0,6.0,3.0,,,3.0,1.0,uqn,2025-11-25 15:35:46.890465
,,,,,,,3.0,3.0,4.0,4.0,,,,0.0,,,f1r_714375,-999,2025-11-25T15:47:29.883Z,4.0,3.0,6.0,5.0,5.0,4.0,3.0,10,7,8,7,6,4,2,6,1.0,1.0,4,3,4,4,3,4,3,1.0,4.0,3.0,2.0,2.0,9.0,10.0,8,7,1,1,9,1,1,1,8,1,4,7,10,9,7,1,8,3,3,2,4.0,0,0,1.0,1,,1,0,0,0,1,0,1,0,6.0,2.0,2.0,0.0,4.0,3.0,5.0,,,,2.3,6.0,5.0,3.0,5.0,5.0,3.0,4.0,6.0,6.0,5.0,,,12.0,5.0,f1r,2025-11-25 15:35:46.624594
,,,,,,,3.0,3.0,2.0,4.0,,,,,,,dzv_316677,-999,2025-11-25T15:43:51.547Z,5.0,2.0,6.0,4.0,3.0,4.0,5.0,11,7,5,5,5,5,1,5,2.0,1.0,4,3,4,4,4,3,3,1.0,7.0,10.0,10.0,9.0,9.0,5.0,6,6,6,6,9,3,2,6,9,8,6,6,4,5,6,1,6,7,10,6,9.0,1,0,0.0,0,,0,0,1,0,0,1,1,1,1.0,3.0,3.0,0.0,2.0,2.0,7.0,,,,3.3,6.0,4.0,3.0,7.0,7.0,4.0,6.0,5.0,4.0,6.0,,,8.0,1.0,dzv,2025-11-25 15:35:53.901975
,,,,,,,4.0,5.0,5.0,5.0,,,,3.0,Habe große Angst vor der Klausur und lerne jetzt schon viel deshalb  ,,e42_592385,-999,2025-11-25T15:50:00.407Z,2.0,2.0,6.0,2.0,5.0,2.0,7.0,10,8,7,8,5,4,1,5,1.0,1.0,4,3,4,4,4,2,5,1.0,7.0,9.0,8.0,8.0,10.0,9.0,0,0,0,0,0,0,0,0,0,6,0,0,11,0,0,0,0,9,0,0,9.0,0,0,0.0,0,,0,1,1,0,1,1,1,0,1.0,3.0,2.0,0.0,5.0,3.0,7.0,,,,2.0,6.0,7.0,7.0,6.0,7.0,5.0,7.0,5.0,7.0,7.0,,,6.0,1.0,e42,2025-11-25 15:35:58.689976
,,,,,,,3.0,3.0,4.0,3.0,,,,0.0,,,5sz_991726,-999,2025-11-25T15:51:56.926Z,5.0,3.0,5.0,3.0,4.0,3.0,5.0,11,0,8,8,7,4,1,4,1.0,2.0,4,4,4,4,4,4,3,1.0,1.0,7.0,6.0,8.0,10.0,3.0,10,10,1,5,8,2,2,1,8,6,10,6,8,11,7,1,5,8,3,6,10.0,0,0,0.0,0,,1,0,1,0,1,0,1,0,7.0,3.0,3.0,0.0,2.0,1.0,4.0,,,,2.7,6.0,6.0,6.0,7.0,6.0,5.0,5.0,7.0,4.0,5.0,,,4.0,2.0,5sz,2025-11-25 15:36:02.770348
,,,,,,,2.0,2.0,4.0,4.0,,,,15.0,,,wu1_391672,-999,2025-11-25T15:52:41.924Z,2.0,2.0,4.0,3.0,3.0,4.0,3.0,11,0,9,10,8,3,1,4,1.0,1.0,2,2,4,2,4,4,2,1.0,2.0,3.0,2.0,4.0,9.0,5.0,8,5,1,0,6,1,1,1,7,7,0,9,8,8,8,2,0,5,2,3,10.0,0,1,0.0,0,,0,0,1,0,1,1,1,1,3.0,3.0,3.0,0.0,1.0,1.0,7.0,,,,3.7,1.0,2.0,2.0,1.0,5.0,5.0,2.0,5.0,3.0,7.0,,,,6.0,wu1,2025-11-25 15:36:07.408476
,,,,,,,3.0,4.0,5.0,5.0,,,,0.0,,,zfv_299938,-999,-999,6.0,3.0,6.0,5.0,5.0,5.0,6.0,10,5,6,6,5,2,3,6,2.0,2.0,4,4,4,5,5,4,4,2.0,0.0,10.0,0.0,0.0,2.0,0.0,0,0,0,0,9,1,1,0,0,0,0,0,0,0,0,0,0,0,0,0,6.0,0,0,0.0,0,,0,0,1,0,1,1,1,0,0.0,3.0,3.0,0.0,2.0,2.0,6.0,,,,1.7,7.0,7.0,7.0,7.0,4.0,4.0,7.0,6.0,6.0,7.0,,,7.0,1.0,zfv,2025-11-25 15:36:09.265213
,,,,,,,3.0,2.0,3.0,3.0,,,,10.0,,,s44_983477,-999,2025-11-25T15:48:09.105Z,4.0,3.0,6.0,4.0,4.0,4.0,5.0,11,9,7,8,6,4,1,5,2.0,1.0,4,2,4,4,4,4,2,1.0,1.0,3.0,3.0,4.0,5.0,4.0,9,5,1,3,4,1,1,3,7,2,4,6,5,7,6,1,4,4,3,4,6.0,0,0,0.0,0,,0,1,1,1,1,1,1,0,3.0,5.0,3.0,0.0,1.0,1.0,6.0,,,,3.7,5.0,3.0,4.0,6.0,3.0,4.0,6.0,5.0,5.0,6.0,,,4.0,2.0,s44,2025-11-25 15:36:29.902856
,,,,,,,3.0,3.0,4.0,4.0,,,,0.0,,,bf1_884490,-999,2025-11-25T15:46:06.709Z,1.0,1.0,6.0,1.0,1.0,1.0,3.0,10,7,8,9,0,5,3,6,1.0,1.0,4,2,4,4,4,5,2,1.0,4.0,3.0,2.0,2.0,7.0,9.0,5,5,1,10,2,1,1,1,7,1,5,6,8,8,0,1,0,2,1,2,7.0,0,0,1.0,0,,0,0,0,0,1,0,1,0,6.0,2.0,3.0,0.0,1.0,1.0,3.0,,,,1.7,5.0,4.0,6.0,6.0,5.0,5.0,6.0,4.0,2.0,5.0,,,2.0,6.0,bf1,2025-11-25 15:36:40.814417
,,,,,,,3.0,2.0,5.0,4.0,,,,,,,pgw_173149,-999,2025-11-25T15:50:27.224Z,2.0,2.0,6.0,3.0,2.0,1.0,3.0,11,6,7,6,7,3,2,4,1.0,1.0,4,3,4,3,4,4,2,1.0,5.0,3.0,3.0,3.0,10.0,10.0,8,6,6,6,3,2,1,1,4,6,6,6,10,10,6,1,6,7,6,6,9.0,0,0,1.0,0,,0,0,1,1,1,1,1,1,7.0,3.0,3.0,0.0,2.0,1.0,5.0,,,,2.7,6.0,6.0,3.0,7.0,6.0,4.0,6.0,6.0,6.0,7.0,,,,6.0,pgw,2025-11-25 15:36:54.485858
,,,,,,,4.0,3.0,4.0,3.0,,,,0.0,,,snv_170348,-999,2025-11-25T15:45:45.368Z,1.0,1.0,7.0,1.0,1.0,2.0,1.0,11,10,8,9,8,3,1,5,2.0,1.0,4,2,5,4,4,5,3,1.0,1.0,2.0,1.0,3.0,9.0,11.0,5,6,1,10,5,1,1,1,9,1,0,0,11,11,0,1,0,4,3,0,6.0,0,0,0.0,0,,0,0,1,0,1,1,1,1,6.0,3.0,2.0,1.0,4.0,3.0,5.0,,,,,1.0,3.0,1.0,6.0,6.0,4.0,5.0,2.0,2.0,5.0,,,5.0,0.0,snv,2025-11-25 15:38:17.933801
,,,,,,,2.0,2.0,4.0,5.0,,,,0.0,alles supiii,,om3_707963,-999,2025-11-25T15:51:25.004Z,1.0,1.0,7.0,1.0,1.0,2.0,3.0,11,10,10,8,8,5,1,5,1.0,1.0,1,4,4,1,1,2,1,1.0,1.0,1.0,1.0,1.0,9.0,10.0,8,6,0,0,2,1,1,3,5,1,0,0,0,8,0,1,0,0,2,0,10.0,0,0,0.0,0,,0,0,1,0,0,0,0,0,6.0,3.0,3.0,0.0,2.0,2.0,4.0,,,,2.0,3.0,2.0,5.0,7.0,4.0,5.0,3.0,2.0,4.0,5.0,,,4.0,6.0,om3,2025-11-25 15:38:41.260172
,,,,,,,3.0,2.0,5.0,5.0,,,,10.0,,,44p_177456,-999,2025-11-25T15:58:33.408Z,4.0,1.0,7.0,3.0,3.0,5.0,2.0,11,8,8,8,9,5,2,6,1.0,1.0,4,1,4,5,5,4,2,1.0,3.0,4.0,4.0,3.0,10.0,10.0,0,0,0,0,2,1,1,0,8,2,0,0,11,0,0,1,0,0,1,0,7.0,0,0,0.0,0,,0,0,0,0,0,1,1,0,6.0,3.0,3.0,0.0,2.0,1.0,5.0,,,,2.0,6.0,6.0,6.0,7.0,7.0,5.0,7.0,6.0,5.0,6.0,,,3.0,3.0,44p,2025-11-25 15:41:08.143582
,,,,,,,2.0,2.0,3.0,4.0,,,,0.0,,,x27_547928,-999,2025-11-25T15:53:22.628Z,4.0,4.0,4.0,4.0,5.0,3.0,4.0,11,1,7,8,6,3,2,4,2.0,2.0,3,2,4,3,3,4,2,1.0,1.0,4.0,3.0,5.0,8.0,5.0,8,5,1,5,3,1,1,1,7,4,6,6,6,8,7,1,5,3,2,4,6.0,1,0,1.0,1,,1,0,1,0,1,1,1,1,7.0,3.0,2.0,0.0,5.0,3.0,6.0,,,,2.7,4.0,5.0,5.0,7.0,6.0,4.0,6.0,4.0,2.0,6.0,,,3.0,5.0,x27,2025-11-25 15:45:23.353412
,,,,,,,3.0,,5.0,3.0,,,,0.0,,,ol7_416320,-999,2025-11-25T16:02:00.742Z,4.0,1.0,6.0,3.0,7.0,5.0,3.0,11,0,7,8,7,4,1,3,1.0,1.0,4,3,4,3,4,4,4,1.0,1.0,3.0,2.0,3.0,7.0,7.0,9,6,1,0,2,1,1,1,6,1,0,7,6,8,6,1,6,4,2,0,6.0,1,0,0.0,0,,0,1,1,0,1,1,1,1,7.0,2.0,3.0,0.0,2.0,1.0,7.0,,,,2.0,7.0,6.0,7.0,7.0,7.0,4.0,7.0,3.0,4.0,4.0,,,2.0,4.0,ol7,2025-11-25 15:45:24.197576
,,,,,,,2.0,2.0,3.0,3.0,,,,8.0,,,4og_475270,-999,2025-11-25T16:31:44.122Z,4.0,2.0,6.0,4.0,0.0,2.0,2.0,11,8,8,8,6,4,2,5,1.0,1.0,5,3,4,4,5,4,2,1.0,1.0,1.0,1.0,1.0,9.0,11.0,8,6,1,0,1,1,1,1,5,1,0,7,10,10,8,1,0,1,1,5,3.0,1,0,0.0,0,,0,0,1,0,1,1,1,1,6.0,3.0,2.0,0.0,5.0,3.0,7.0,,,,0.0,4.0,7.0,6.0,7.0,6.0,4.0,7.0,7.0,6.0,6.0,,,2.0,0.0,4og,2025-11-25 15:46:16.974891
,,,,,,,3.0,3.0,2.0,2.0,,,,20.0,,,z3j_354580,-999,2025-11-25T16:06:08.112Z,4.0,3.0,6.0,6.0,6.0,4.0,3.0,4,4,4,4,4,4,4,4,2.0,2.0,4,4,4,4,4,4,4,6.0,6.0,6.0,6.0,6.0,6.0,6.0,6,6,6,6,6,6,6,6,6,6,6,6,6,6,6,6,6,6,6,6,6.0,0,0,0.0,0,,1,0,1,0,0,0,1,1,0.0,3.0,2.0,0.0,5.0,3.0,7.0,,,,2.7,7.0,4.0,7.0,7.0,4.0,2.0,4.0,6.0,6.0,5.0,,,2.0,3.0,z3j,2025-11-25 15:47:02.727368
,,,,,,,3.0,4.0,2.0,4.0,,,,0.0,,,f7n_512669,-999,2025-11-25T16:00:41.355Z,2.0,1.0,7.0,3.0,3.0,2.0,3.0,11,8,8,9,6,4,3,5,1.0,1.0,4,2,5,4,4,3,4,1.0,1.0,1.0,1.0,2.0,10.0,10.0,5,1,1,1,1,1,1,1,8,1,1,6,9,10,0,1,8,1,1,1,8.0,0,0,0.0,0,,1,0,1,0,1,1,1,1,6.0,3.0,2.0,0.0,4.0,3.0,6.0,,,,1.7,7.0,7.0,7.0,7.0,6.0,3.0,3.0,6.0,7.0,4.0,,,5.0,1.0,f7n,2025-11-25 15:47:46.466555
,,,,,,,3.0,3.0,4.0,4.0,,,,0.0,,,erw_101571,-999,2025-11-25T15:58:01.654Z,3.0,1.0,6.0,3.0,1.0,3.0,3.0,9,7,7,8,7,5,2,6,1.0,1.0,3,3,4,3,4,4,2,1.0,4.0,2.0,1.0,3.0,7.0,10.0,3,2,1,0,2,1,1,1,4,1,0,6,9,7,0,1,0,3,1,0,8.0,0,0,1.0,0,,0,0,1,0,1,1,1,1,6.0,3.0,2.0,0.0,5.0,3.0,7.0,,,,2.7,6.0,5.0,3.0,7.0,7.0,5.0,5.0,4.0,5.0,6.0,,,4.0,2.0,erw,2025-11-25 15:48:01.192468
,,,,,,,3.0,2.0,2.0,3.0,,,,0.0,,,2wb_284370,-999,2025-11-25T16:02:33.813Z,3.0,1.0,7.0,3.0,4.0,2.0,3.0,11,6,9,9,6,4,2,4,1.0,1.0,4,3,4,4,4,4,3,1.0,2.0,1.0,1.0,4.0,8.0,10.0,7,2,1,7,1,1,1,1,9,1,3,6,10,8,0,1,4,5,1,6,8.0,0,0,0.0,0,,0,0,1,0,0,1,1,1,6.0,3.0,2.0,0.0,5.0,3.0,6.0,,,,3.0,6.0,6.0,7.0,5.0,5.0,3.0,6.0,5.0,7.0,5.0,,,5.0,6.0,2wb,2025-11-25 15:50:10.337917
,,,,,,,3.0,3.0,3.0,3.0,,,,0.0,,,pr2_725784,-999,2025-11-25T16:10:29.906Z,6.0,4.0,6.0,2.0,7.0,4.0,4.0,11,1,10,10,8,4,1,5,1.0,1.0,4,4,4,4,4,2,3,1.0,1.0,1.0,1.0,1.0,9.0,9.0,6,6,1,0,1,1,1,1,6,1,0,3,3,4,0,1,0,1,1,0,11.0,0,0,0.0,0,,0,0,1,0,1,0,1,0,3.0,5.0,3.0,0.0,1.0,1.0,6.0,,,,2.0,6.0,5.0,6.0,6.0,4.0,3.0,6.0,7.0,4.0,7.0,,,12.0,4.0,pr2,2025-11-25 15:52:30.387613
,,,,,,,3.0,2.0,2.0,3.0,,,,6.0,,,ayq_377872,-999,2025-11-25T16:05:53.430Z,1.0,1.0,6.0,2.0,7.0,4.0,5.0,11,1,7,8,8,4,1,5,1.0,1.0,4,4,4,4,4,4,4,1.0,1.0,4.0,2.0,5.0,10.0,3.0,6,6,6,6,2,1,1,1,9,1,1,6,9,6,6,6,6,6,6,6,9.0,0,1,0.0,0,,0,1,1,1,0,1,1,1,7.0,3.0,3.0,0.0,2.0,2.0,4.0,,,,2.7,6.0,5.0,6.0,7.0,3.0,4.0,6.0,3.0,6.0,6.0,,,10.0,6.0,ayq,2025-11-25 15:53:13.057309
2001.0,1.0,2.0,2.0,1.0,0.0,1.0,4.0,4.0,3.0,0.0,1.0,37.0,2020.0,5.0,,,efu_257944,-999,2025-11-25T16:07:25.724Z,4.0,2.0,5.0,2.0,2.0,3.0,4.0,11,3,7,8,8,3,2,5,1.0,1.0,4,2,4,3,4,4,1,1.0,9.0,4.0,2.0,5.0,10.0,9.0,5,6,6,6,3,1,1,6,8,6,6,6,9,11,6,1,6,3,2,5,8.0,0,0,0.0,0,,0,1,1,1,1,1,1,0,7.0,3.0,3.0,0.0,2.0,1.0,7.0,1.0,5.0,0.0,0.0,4.0,3.0,3.0,2.0,3.0,5.0,6.0,2.0,1.0,4.0,3.0,2.0,4.0,2.0,efu,2025-11-25 15:53:50.887090
,,,,,,,4.0,4.0,4.0,4.0,,,,0.0,,,hro_304575,-999,2025-11-25T16:05:19.277Z,3.0,1.0,6.0,4.0,3.0,4.0,4.0,11,9,8,9,5,3,1,4,1.0,1.0,4,2,4,4,4,4,3,1.0,1.0,2.0,1.0,9.0,10.0,6.0,10,5,8,5,3,1,1,1,9,4,8,9,11,10,8,1,5,4,2,8,10.0,0,0,0.0,0,,0,1,1,0,1,1,1,1,3.0,3.0,3.0,0.0,2.0,2.0,3.0,,,,1.7,6.0,5.0,6.0,7.0,5.0,4.0,6.0,5.0,5.0,4.0,,,5.0,4.0,hro,2025-11-25 15:53:54.242692
,,,,,,,3.0,3.0,3.0,3.0,,,,8.0,,,ej8_409328,-999,2025-11-25T16:10:01.120Z,3.0,1.0,6.0,3.0,5.0,2.0,4.0,11,10,8,9,8,3,2,5,1.0,1.0,5,2,4,5,5,4,2,1.0,1.0,3.0,2.0,3.0,11.0,9.0,10,6,1,8,4,1,1,1,10,1,10,10,10,11,10,1,8,2,2,2,9.0,0,0,0.0,0,,1,0,1,1,1,1,1,1,7.0,3.0,3.0,0.0,1.0,1.0,5.0,,,,4.0,3.0,5.0,4.0,7.0,3.0,2.0,6.0,4.0,3.0,3.0,,,4.0,3.0,ej8,2025-11-25 15:57:42.013383
,,,,,,,3.0,3.0,3.0,4.0,,,,,,,rji_109483,-999,2025-11-25T16:34:47.613Z,6.0,3.0,6.0,4.0,6.0,5.0,5.0,11,7,8,7,6,4,1,5,2.0,1.0,4,2,4,4,4,4,4,1.0,4.0,7.0,7.0,3.0,4.0,8.0,10,7,1,5,3,1,1,2,10,2,4,8,3,4,7,1,6,5,4,4,9.0,0,0,0.0,0,,0,0,1,0,1,1,1,1,3.0,3.0,3.0,0.0,2.0,1.0,3.0,,,,2.3,5.0,2.0,5.0,7.0,6.0,4.0,5.0,7.0,4.0,4.0,,,1.0,3.0,rji,2025-11-25 16:03:08.733679
,,,,,,,3.0,3.0,5.0,4.0,,,,0.0,,,go4_386641,-999,2025-11-25T16:48:56.009Z,3.0,2.0,6.0,0.0,0.0,0.0,3.0,11,9,8,9,7,3,1,4,1.0,1.0,3,3,2,3,4,4,2,1.0,1.0,2.0,1.0,5.0,11.0,6.0,8,7,1,4,2,1,1,1,4,1,0,9,10,11,10,1,3,2,1,1,9.0,0,0,0.0,0,,0,0,1,0,1,0,1,1,7.0,3.0,3.0,0.0,2.0,2.0,7.0,,,,3.0,6.0,5.0,4.0,7.0,7.0,0.0,6.0,6.0,4.0,5.0,,,4.0,6.0,go4,2025-11-25 16:07:31.802536
,,,,,,,3.0,3.0,3.0,4.0,,,,0.0,Die Survey wäre einfacher wenn man die Codes den Namen zuzuordnen könnte zum Beispiel in einem Feld mit dem Anfangsbuchstaben oder Initialien ,,fle_398597,-999,2025-11-25T16:33:53.750Z,1.0,1.0,7.0,1.0,5.0,1.0,4.0,11,1,8,9,9,4,2,5,2.0,1.0,4,2,4,3,4,4,2,1.0,1.0,4.0,1.0,1.0,7.0,9.0,10,10,0,0,1,1,1,1,2,2,5,0,9,11,0,1,0,3,2,0,8.0,0,0,1.0,1,,0,0,1,0,1,1,1,0,6.0,3.0,3.0,0.0,2.0,2.0,5.0,,,,4.0,3.0,2.0,5.0,6.0,3.0,2.0,6.0,6.0,5.0,3.0,,,1.0,4.0,fle,2025-11-25 16:11:13.621936
,,,,,,,3.0,3.0,2.0,2.0,,,,,,,pdp_200857,-999,2025-11-25T16:26:30.798Z,1.0,2.0,7.0,1.0,2.0,1.0,2.0,11,6,7,8,6,5,1,4,1.0,1.0,4,2,4,4,4,4,2,1.0,6.0,4.0,2.0,3.0,10.0,11.0,8,0,0,0,0,0,0,0,0,0,0,0,0,0,0,0,0,0,0,0,9.0,0,1,1.0,1,,1,1,1,1,1,1,1,1,6.0,3.0,2.0,0.0,5.0,3.0,7.0,,,,4.0,4.0,1.0,1.0,7.0,3.0,4.0,4.0,3.0,4.0,3.0,,,7.0,3.0,pdp,2025-11-25 16:14:11.204481
,,,,,,,3.0,4.0,4.0,4.0,,,,10.0,,,cx9_620420,-999,2025-11-25T16:34:40.405Z,6.0,2.0,6.0,5.0,6.0,2.0,5.0,10,7,8,9,7,5,3,6,1.0,1.0,4,2,4,4,4,5,2,1.0,1.0,2.0,2.0,5.0,9.0,7.0,11,1,1,1,7,1,2,1,8,8,10,10,6,11,8,1,1,1,7,1,1.0,0,1,1.0,0,,0,0,1,0,1,0,1,1,7.0,2.0,3.0,0.0,1.0,1.0,7.0,,,,3.3,6.0,5.0,5.0,5.0,5.0,5.0,5.0,6.0,5.0,6.0,,,6.0,3.0,cx9,2025-11-25 16:14:52.440801
,,,,,,,2.0,2.0,3.0,3.0,,,,10.0,,,e8i_205483,-999,2025-11-25T16:20:36.540Z,7.0,3.0,5.0,6.0,6.0,5.0,5.0,1,1,5,3,5,4,4,5,1.0,1.0,5,4,5,5,5,5,4,1.0,1.0,5.0,,5.0,5.0,1.0,9,9,1,1,3,1,1,1,3,1,3,6,5,9,0,1,1,1,6,8,5.0,0,0,0.0,0,,0,0,1,0,1,1,1,1,3.0,3.0,2.0,0.0,5.0,3.0,5.0,,,,2.0,4.0,4.0,4.0,6.0,3.0,4.0,4.0,6.0,5.0,6.0,,,2.0,1.0,e8i,2025-11-25 16:15:17.707363
,,,,,,,3.0,3.0,4.0,5.0,,,,0.0,,,07h_577807,-999,2025-11-25T16:26:42.050Z,3.0,3.0,6.0,3.0,2.0,3.0,3.0,11,9,8,9,7,4,2,4,1.0,1.0,5,3,5,4,4,5,3,1.0,1.0,4.0,2.0,5.0,9.0,,11,11,1,6,3,1,1,2,8,2,4,2,7,10,6,1,6,4,3,6,10.0,0,0,0.0,0,,0,0,1,1,1,1,1,0,3.0,3.0,2.0,1.0,5.0,3.0,3.0,,,,2.7,7.0,6.0,2.0,7.0,7.0,5.0,5.0,2.0,5.0,3.0,,,3.0,6.0,07h,2025-11-25 16:16:27.611806
,,,,,,,3.0,2.0,4.0,5.0,,,,0.0,,,3rt_898648,-999,2025-11-25T16:34:04.953Z,2.0,1.0,6.0,1.0,3.0,3.0,5.0,11,8,9,8,6,6,1,5,2.0,2.0,4,2,4,4,4,4,3,1.0,3.0,5.0,6.0,4.0,6.0,7.0,7,0,1,0,3,1,1,1,6,3,4,6,8,7,0,1,0,4,5,0,8.0,1,0,1.0,0,,1,1,1,0,1,1,1,1,,3.0,3.0,0.0,2.0,2.0,7.0,,,,2.3,7.0,6.0,4.0,7.0,5.0,6.0,5.0,6.0,6.0,7.0,,,5.0,6.0,3rt,2025-11-25 16:16:47.980024
,,,,,,,4.0,4.0,4.0,4.0,,,,0.0,,,ty0_247570,-999,2025-11-25T16:31:49.412Z,3.0,4.0,5.0,3.0,4.0,4.0,3.0,11,8,8,9,8,5,3,6,1.0,1.0,4,3,5,4,5,5,2,1.0,2.0,3.0,3.0,3.0,7.0,9.0,7,5,1,10,2,1,1,1,5,2,3,7,11,9,9,1,9,2,2,7,6.0,1,0,0.0,1,,0,0,1,0,1,1,1,1,6.0,3.0,3.0,0.0,2.0,2.0,6.0,,,,3.0,6.0,5.0,6.0,5.0,5.0,2.0,6.0,6.0,7.0,3.0,,,4.0,4.0,ty0,2025-11-25 16:17:53.022367
,,,,,,,3.0,3.0,4.0,4.0,,,,0.0,,,1uq_976243,-999,2025-11-25T16:36:54.502Z,2.0,1.0,7.0,2.0,2.0,2.0,4.0,10,9,7,8,7,3,2,5,1.0,1.0,4,2,4,4,4,4,2,1.0,1.0,7.0,6.0,6.0,10.0,2.0,10,7,1,6,4,1,1,1,8,7,9,8,8,11,9,1,6,4,5,6,9.0,0,0,1.0,1,,1,0,1,0,1,0,1,1,7.0,3.0,1.0,0.0,4.0,2.0,5.0,,,,2.7,4.0,0.0,2.0,7.0,7.0,0.0,6.0,5.0,4.0,4.0,,,5.0,0.0,1uq,2025-11-25 16:20:47.491731
2005.0,1.0,1.0,1.0,1.0,1.0,1.0,3.0,3.0,4.0,4.0,1.0,72.0,2024.0,0.0,,,d8d_521629,-999,2025-11-25T16:44:49.268Z,1.0,1.0,7.0,1.0,4.0,1.0,3.0,9,4,7,7,6,3,2,5,2.0,1.0,4,3,4,4,4,5,2,1.0,4.0,3.0,3.0,3.0,8.0,10.0,4,1,0,0,1,1,1,1,2,0,1,6,10,0,0,1,0,0,1,0,7.0,1,0,0.0,0,,0,1,1,0,1,1,1,1,6.0,3.0,3.0,0.0,2.0,2.0,7.0,1.0,2.0,1.0,3.0,2.0,1.0,4.0,7.0,3.0,1.0,5.0,6.0,7.0,6.0,1.0,1.0,3.0,4.0,d8d,2025-11-25 16:31:16.817308
,,,,,,,2.0,2.0,1.0,2.0,,,,0.0,,,xlt_415467,-999,2025-11-25T17:03:06.731Z,6.0,4.0,4.0,6.0,7.0,6.0,6.0,8,6,4,5,5,2,1,3,2.0,1.0,3,3,4,3,4,4,3,0.0,0.0,0.0,0.0,0.0,0.0,0.0,4,5,6,0,3,6,6,3,3,4,3,4,4,4,0,5,4,5,6,0,0.0,1,1,1.0,0,,1,0,1,0,1,0,1,0,4.0,3.0,3.0,0.0,2.0,1.0,3.0,,,,2.7,3.0,5.0,3.0,6.0,5.0,4.0,7.0,3.0,2.0,3.0,,,1.0,3.0,xlt,2025-11-25 16:35:00.957982
2006.0,1.0,1.0,1.0,1.0,1.0,1.0,3.0,2.0,2.0,3.0,2.0,76.0,2024.0,0.0,,,90o_841447,-999,2025-11-25T17:09:01.514Z,3.0,2.0,7.0,2.0,3.0,2.0,3.0,11,7,8,8,5,5,1,4,1.0,2.0,5,4,5,4,4,4,3,1.0,2.0,3.0,3.0,7.0,7.0,8.0,9,5,1,0,1,2,1,1,7,5,4,6,4,8,6,1,0,4,3,0,8.0,0,0,0.0,0,,0,0,1,0,1,1,1,1,3.0,2.0,3.0,0.0,1.0,1.0,4.0,1.0,5.0,1.0,3.3,5.0,5.0,2.0,7.0,6.0,3.0,5.0,3.0,4.0,5.0,1.0,1.0,5.0,1.0,90o,2025-11-25 16:43:13.294344
,,,,,,,2.0,2.0,2.0,2.0,,,,10.0,,,8yu_920492,-999,2025-11-25T16:55:24.993Z,5.0,1.0,5.0,4.0,3.0,4.0,2.0,11,8,9,10,7,2,1,5,2.0,1.0,4,1,3,4,4,3,2,1.0,1.0,1.0,1.0,3.0,9.0,10.0,0,0,0,0,1,1,1,0,2,0,0,0,10,10,0,1,0,0,1,0,5.0,0,1,1.0,1,,0,1,1,0,1,0,1,0,6.0,3.0,3.0,1.0,1.0,1.0,6.0,,,,1.7,7.0,7.0,7.0,7.0,6.0,4.0,5.0,6.0,5.0,3.0,,,1.0,0.0,8yu,2025-11-25 16:46:04.221100
,,,,,,,3.0,3.0,4.0,4.0,,,,0.0,,,qcm_644530,-999,2025-11-25T17:20:51.764Z,0.0,1.0,4.0,0.0,5.0,5.0,6.0,11,1,6,6,6,2,1,4,1.0,1.0,4,2,4,4,4,2,2,1.0,1.0,7.0,7.0,5.0,9.0,1.0,0,0,0,0,2,1,1,0,0,1,0,0,0,7,0,1,0,0,2,0,9.0,0,0,0.0,1,,0,0,1,0,1,1,1,1,3.0,3.0,3.0,0.0,2.0,2.0,7.0,,,,1.3,5.0,6.0,7.0,7.0,5.0,6.0,4.0,7.0,1.0,7.0,,,4.0,1.0,qcm,2025-11-25 17:07:58.196117
,,,,,,,2.0,2.0,5.0,5.0,,,,0.0,,,yby_108250,-999,2025-11-25T17:27:24.909Z,4.0,3.0,2.0,5.0,6.0,5.0,7.0,11,0,8,9,8,5,1,5,2.0,2.0,1,2,4,1,1,2,3,1.0,1.0,9.0,0.0,0.0,8.0,1.0,10,4,1,0,8,1,1,0,9,0,0,4,3,4,5,1,1,9,7,7,0.0,0,0,0.0,0,,0,0,1,0,0,0,1,0,1.0,2.0,3.0,0.0,1.0,1.0,6.0,,,,1.7,6.0,5.0,6.0,7.0,4.0,6.0,5.0,6.0,7.0,6.0,,,2.0,6.0,yby,2025-11-25 17:16:23.203583
