item;source;wave;app;page;variable_name;input_type;question_german;question_english;values
Participant Code;Old;1, 2;Session;Login Page;participant.label;Field;-;-;3-letter/digit code
Device Type;Old;1, 2;app_start;Welcome;app_start.1.player.device_type;Auto;-;-;{1: 'Tablet', 2: 'Mobile', 3: 'Else'}
Operating System;Old;1, 2;app_start;Welcome;app_start.1.player.operating_system;Auto;-;-;{1: 'Windows', 2: 'Mac', 3: 'Linux', 4: 'Android', 5: 'iOS', -999: 'Else'}
Browser;Old;1, 2;app_start;Welcome;app_start.1.player.browser;Auto;-;-;{1: 'Chrome', 2: 'Firefox', 3: 'Safari', 4: 'Opera', 5: 'Edge', -999: 'Else'}
Language;Old;1, 2;app_start;Welcome;app_start.1.player.lang;Selection;"""Bitte wählen Sie Ihre präferierte Sprache aus.""";"""Please select your preferred language for the survey.""";{0: 'Deutsch', 1: 'English'}
Device Type;Old;1, 2;app_start;Welcome;app_start.1.player.use_of_device;Selection;"""Was für ein Gerät nutzen Sie, um diese Befragung durchzuführen?”";“What kind of device do you use to conduct this survey?”;{1: 'Laptop', 2: 'Tablet', 3: 'Smartphone'}
Start Time;Old;1, 2;app_start;Welcome;participant.time_started_utc;Auto;-;-;DateTime
Stop Time;Old;1, 2;app_end;FirstEndPage;app_end.1.player.time_firstendpage;Auto;-;-;DateTime
End Time;Old;1, 2;app_end;End;app_end.1.player.time_endpage;Auto;-;-;DateTime
Survey Feedback;Old;1, 2;app_end;FirstEndPage;app_end.1.player.feedback;Field;“Falls Sie Ideen, Kommentare oder Anmerkungen haben, teilen Sie diese gerne mit uns.”;"“If you have any ideas or feedback for us please feel free to share it.""";TextString
Random Number & Code Check;Old;1, 2;app_end;RandomNumber;app_end.1.player.rnumbercheck;Field;"""Bitte geben Sie zur Beschäftigung den Code, den Sie gerade erhalten haben, in das Textfeld ein.""";"""Please enter the code you just received in the text field.""";TextString (validation code)
Network Narrative Question;Old;1;app_end;NetworkNarrative;app_end.1.player.network_narrative;Field;“Im folgenden Textfeld haben Sie die Möglichkeit, Ihre Gedanken und Erfahrungen zum sozialen Netzwerk an der Universität zu teilen. Zum Beispiel wie und wo Sie Personen kennengelernt haben.”;“In the following textfield you have the opportunity to tell us about your thoughts and experiences with your social network in university. For example where and how you met the people.”;TextString
Birthyear;Old;1;app_demographic;GenderAge;app_demographic.1.player.age;Field;“Bitte geben Sie Ihr Geburtsjahr an.”;“Please enter your birthyear.”;Integer (YYYY format)
Gender;Old;1;app_demographic;GenderAge;app_demographic.1.player.gender;Selection;“Bitte geben Sie Ihr Gechlecht an.”;“Please enter your gender.”;"{1: 'Weiblich/Female', 2: 'Männlich/Male', 3: 'Divers/Diverse', 0: ""Weiß nicht/Don't know""}"
Residency Secondary Education;Old;1;app_demographic;Secondary;app_demographic.1.player.postcode;Field;"""Wie lauten die ersten beiden Ziffern der Postleitzahl des Wohnortes, an dem Sie wohnhaft waren, während Sie Ihr Abitur gemacht haben? Falls Sie im Ausland gewohnt haben, geben Sie bitte ""00"" an.""";"""What are the first two digits of the postcode of your place of residence at the time when you completed high school? If you lived outside of Germany, please type in ""00"".""";Integer (2-digit postcode or 00 for abroad)
Year Secondary Education;Old;1;app_demographic;Secondary;app_demographic.1.player.secondary_year;Field;“Wann haben Sie ihr Abitur gemacht?”;“When did you graduate and complete your secondary education?”;Integer (YYYY format)
Academic Family Background Gen1 f;Self;1;app_demographic;LevelFamily;app_demographic.1.player.edu_family_1gen_f;Selection;“Bitte geben Sie an, ob Ihre Mutter einen akademischen Abschluss erreicht hat.”;“Please select if your mother reached an academic degree.”;"{1: 'Keinen akademischen Bildungsabschluss/No academic education', 2: 'Fachhochschulabschluss oder Hochschulabschluss/Higher school or University degree', 0: ""Weiß nicht/Don't know""}"
Academic Family Background Gen1 m;Self;1;app_demographic;LevelFamily;app_demographic.1.player.edu_family_1gen_m;Selection;“Bitte geben Sie an, ob Ihr Vater einen akademischen Abschluss erreicht hat.”;“Please select if your father reached an academic degree.”;"{1: 'Keinen akademischen Bildungsabschluss/No academic education', 2: 'Fachhochschulabschluss oder Hochschulabschluss/Higher school or University degree', 0: ""Weiß nicht/Don't know""}"
Academic Family Background Gen2 f1;Self;1;app_demographic;LevelFamily;app_demographic.1.player.edu_family_2gen_f1;Selection;“Bitte geben Sie an, ob Ihre Großmutter mütterlicherseits einen akademischen Abschluss erreicht hat.”;“Please select if your grandmother on your mothers side reached an academic degree.”;"{1: 'Keinen akademischen Bildungsabschluss/No academic education', 2: 'Fachhochschulabschluss oder Hochschulabschluss/Higher school or University degree', 0: ""Weiß nicht/Don't know""}"
Academic Family Background Gen2 m1;Self;1;app_demographic;LevelFamily;app_demographic.1.player.edu_family_2gen_m1;Selection;“Bitte geben Sie an, ob Ihre Großvater mütterlicherseits einen akademischen Abschluss erreicht hat.”;“Please select if your grandfather on your mothers side reached an academic degree.”;"{1: 'Keinen akademischen Bildungsabschluss/No academic education', 2: 'Fachhochschulabschluss oder Hochschulabschluss/Higher school or University degree', 0: ""Weiß nicht/Don't know""}"
Academic Family Background Gen2 f2;Self;1;app_demographic;LevelFamily;app_demographic.1.player.edu_family_2gen_f2;Selection;“Bitte geben Sie an, ob Ihr Großvater väterlicherseits einen akademischen Abschluss erreicht hat.”;“Please select if your grandfather on your fathers side reached an academic degree.”;"{1: 'Keinen akademischen Bildungsabschluss/No academic education', 2: 'Fachhochschulabschluss oder Hochschulabschluss/Higher school or University degree', 0: ""Weiß nicht/Don't know""}"
Academic Family Background Gen2 m2;Self;1;app_demographic;LevelFamily;app_demographic.1.player.edu_family_2gen_m2;Selection;“Bitte geben Sie an, ob Ihre Großmutter väterlicherseits einen akademischen Abschluss erreicht hat.”;“Please select if your grandmother on your fathers side reached an academic degree.”;"{1: 'Keinen akademischen Bildungsabschluss/No academic education', 2: 'Fachhochschulabschluss oder Hochschulabschluss/Higher school or University degree', 0: ""Weiß nicht/Don't know""}"
Financial Situation General Current;ALLBUS;1, 2;app_demographic;Financial;app_demographic.1.player.financial_situation_general_current;Selection;“Wie beurteilen Sie ganz allgemein die heutige wirtschaftliche Lage in Deutschland?”;“How do you judge the current general economic situation in Germany?”;"{1: 'Sehr Schlecht/Very Bad', 2: 'Schlecht/Bad', 3: 'Teils gut teils schlecht/Part good part bad', 4: 'Gut/Good', 5: 'Sehr Gut/Very Good', 0: ""Weiß nicht/Don't know""}"
Financial Situation Personal Current;ALLBUS;1, 2;app_demographic;Financial;app_demographic.1.player.financial_situation_personal_current;Selection;“Wie beurteilen Sie ganz allgemein die Ihre eigene wirtschaftliche Lage heute?”;“How do you judge your own current economic situation?”;"{1: 'Sehr Schlecht/Very Bad', 2: 'Schlecht/Bad', 3: 'Teils gut teils schlecht/Part good part bad', 4: 'Gut/Good', 5: 'Sehr Gut/Very Good', 0: ""Weiß nicht/Don't know""}"
Financial Situation General Future;ALLBUS;1, 2;app_demographic;Financial;app_demographic.1.player.financial_situation_general_future;Selection;“Was glauben Sie, wie wird die wirtschaftliche Lage in Deutschland IN EINEM JAHR sein?”;“How do you believe will the economic situation will be in Germany in ONE YEAR?”;"{1: 'Sehr Schlecht/Very Bad', 2: 'Schlecht/Bad', 3: 'Teils gut teils schlecht/Part good part bad', 4: 'Gut/Good', 5: 'Sehr Gut/Very Good', 0: ""Weiß nicht/Don't know""}"
Financial Situation Personal Future;ALLBUS;1, 2;app_demographic;Financial;app_demographic.1.player.financial_situation_personal_future;Selection;“Was glauben Sie, wie wird Ihre eigene wirtschaftliche Lage IN EINEM JAHR sein?”;“How do you believe will be your own economic situation in a year?”;"{1: 'Sehr Schlecht/Very Bad', 2: 'Schlecht/Bad', 3: 'Teils gut teils schlecht/Part good part bad', 4: 'Gut/Good', 5: 'Sehr Gut/Very Good', 0: ""Weiß nicht/Don't know""}"
Time Work;MSLQ;1, 2;app_demographic;Financial;app_demographic.1.player.time_work;Field;“Wie viele Stunden pro Woche sind Sie erwerbstätig?”;“How many hours per week do you work for pay?”;Enter Hours (0-168)
Study Program;Old;1;app_studium;Study;app_studium.1.player.study_program;Selection;"""In welchem der folgenden Studiengänge sind Sie eingeschrieben?""";"""In which of the following study programs are you enrolled?""";"{1: 'B.Sc. Politik - Verwaltung - Management (PolVer)', 2: 'B.Ed. Politikwissenschaften im Lehramt', 3: 'M.Sc. Wirtschaftspädagogik', 4: 'M.Sc. Social and Economic Data Science (SEDS)', 5: 'Anderer Studiengang/Other program', 0: ""Weiß nicht/Don't know""}"
Semester of Study;Old;1;app_studium;Study;app_studium.1.player.semester_of_study;Field;"""In welchem Fachsemester befinden Sie sich?""";"""What is you current semester count?""";Enter Semesters (1-24)
Consecutive Study Program;Old;1;app_studium;Study;app_studium.1.player.consecutive_academic_career;Selection;"""Wollen Sie unmittelbar nach Ihrem Abschluss Ihre akademische Laufbahn fortsetzen und welchen Abschluss streben Sie an?""";"""Do you plan to continue your academic career after your graduation and which degree do you aim for?""";"{1: ""Master Abschluss/Master's Degree"", 2: ""Promotion/PhD Doctor's Degree"", 3: 'Nein/No', 0: ""Weiß nicht/Don't know""}"
Fresherscamp;Old;1;app_studium;FreshersCamp;app_studium.1.player.fresherscamp_student;Selection;"""Waren Sie zu Beginn diesen Semesters auf dem Erstihof?""";"""Did you go to a freshers camp at the beginning of this semester?""";{1: '29. September 2025 bis 1. Oktober 2025', 2: '1. Oktober 2025 bis 3. Oktober 2025', 3: '3. Oktober 2025 bis 5. Oktober 2025', 4: '5. Oktober 2025 bis 7. Oktober 2025', 5: 'Nein/No'}
Freshersweek;Old;1;app_studium;FreshersCamp;app_studium.1.player.freshersweek_student;Selection;"""Haben Sie an Veranstaltungen der Erstiwoche, zum Beispiel PubCrawls, teilgenommen?""";"""Did you participate in any first-semester events of the ""freshers"" week, for example pubcrawls?""";{1: 'Ja/Yes', 0: 'Nein/No'}
Time for Class;MSLQ;1, 2;app_studium;Class;app_studium.1.player.time_class;Field;“Wie viele Stunden pro Woche lernen Sie für diesen Kurs?”;“How many hours per week do you study for this course?”;Enter Hours (0-168)
Tutorial Group;Old;1, 2;app_studium;Class;app_studium.1.player.tutorial;Selection;"""An welchem Tutorium nehmen Sie teil?""";"""In which tutorial do you participate?""";{1: 'Dienstag, 11:45-13:15, Joshua Tress', 2: 'Mittwoch, 17:00-18:30, Noah Kriegler', 3: 'Donnerstag, 8:15-9:45, Noah Kriegler', 4: 'Donnerstag, 15:15-16:45, Theresa Wagner', 5: 'Donnerstag, 17:00-18:30, Theresa Wagner', 6: 'Mittwoch, 13:30-14:45, Mike Barth', 0: 'An keinem/None of these'}
Grade Expectation;Old;1, 2;app_studium;Class;app_studium.1.player.grade;Selection;"""Welche Note erwarten Sie für sich in der Klausur dieser Vorlesung am Ende des Semesters?""";"""What grade do you expect to receive in the final exam of this lecture at the end of the semester?""";"{1.0: '1.0', 1.3: '1.3', 1.7: '1.7', 2.0: '2.0', 2.3: '2.3', 2.7: '2.7', 3.0: '3.0', 3.3: '3.3', 3.7: '3.7', 4.0: '4.0', 5.0: '5.0', 0: ""Weiß nicht/Don't know""}"
Intrinsic Goal Orientation 1 (Challenge);NEPS / MSLQ;1, 2;app_studium;MotivatedStrategies;app_studium.1.player.motivation_intrinsic_goal_1;Selection;"""In einem Kurs wie diesem bevorzuge ich Kursmaterial, das meine Neugier weckt, auch wenn es schwierig zu lernen ist.""";“In a class like this, I prefer course material that feeds my curiosity, even if it is difficult to learn.”;"{1: 'Trifft gar nicht zu/Not at all true of me', 2: 'Trifft nicht zu/Not true of me', 3: 'Trifft eher nicht zu/Somewhat not true of me', 4: 'Teils/teils/Neutral', 5: 'Trifft eher zu/Somewhat true of me', 6: 'Trifft zu/True of me', 7: 'Trifft völlig zu/Very true of me', 0: ""Weiß nicht/Don't know""}"
Extrinsic Goal Orientation 1 (Social);NEPS / MSLQ;1, 2;app_studium;MotivatedStrategies;app_studium.1.player.motivation_extrinsic_goal_1;Selection;"""Ich möchte in diesem Kurs gute Leistungen erbringen, weil es wichtig ist, meiner Familie, meinen Bekannten, meinem zukünftigen Arbeitgeber und anderen meine Fähigkeiten zu zeigen.”";“I want to do well in this class because it is important to show my ability to my family, friends, future employer, or others.”;"{1: 'Trifft gar nicht zu/Not at all true of me', 2: 'Trifft nicht zu/Not true of me', 3: 'Trifft eher nicht zu/Somewhat not true of me', 4: 'Teils/teils/Neutral', 5: 'Trifft eher zu/Somewhat true of me', 6: 'Trifft zu/True of me', 7: 'Trifft völlig zu/Very true of me', 0: ""Weiß nicht/Don't know""}"
Intrinsic Goal Orientation 2 (Value);NEPS / MSLQ;1, 2;app_studium;MotivatedStrategies;app_studium.1.player.motivation_intrinsic_goal_2;Selection;"""Wenn ich in diesem Kurs die Möglichkeit dazu habe, wähle ich Kursaufgaben, von denen ich lernen kann, auch wenn sie keine gute Note garantieren.""";“When I have the opportunity in this class, I choose course assignments that I can learn from even if they don't guarantee a good grade.”;"{1: 'Trifft gar nicht zu/Not at all true of me', 2: 'Trifft nicht zu/Not true of me', 3: 'Trifft eher nicht zu/Somewhat not true of me', 4: 'Teils/teils/Neutral', 5: 'Trifft eher zu/Somewhat true of me', 6: 'Trifft zu/True of me', 7: 'Trifft völlig zu/Very true of me', 0: ""Weiß nicht/Don't know""}"
Extrinsic Goal Orientation 2 (Performance);NEPS / MSLQ;1, 2;app_studium;MotivatedStrategies;app_studium.1.player.motivation_extrinsic_goal_2;Selection;"""Das Wichtigste für mich ist derzeit, meinen Notendurchschnitt zu verbessern, daher ist mein Hauptanliegen in diesem Kurs, eine gute Note zu erzielen.""";“The most important thing for me right now is improving my overall grade point average, so my main concern in this class is getting a good grade.”;"{1: 'Trifft gar nicht zu/Not at all true of me', 2: 'Trifft nicht zu/Not true of me', 3: 'Trifft eher nicht zu/Somewhat not true of me', 4: 'Teils/teils/Neutral', 5: 'Trifft eher zu/Somewhat true of me', 6: 'Trifft zu/True of me', 7: 'Trifft völlig zu/Very true of me', 0: ""Weiß nicht/Don't know""}"
Intrinsic Goal Orientation 3 (Satisfaction);NEPS / MSLQ;1, 2;app_studium;MotivatedStrategies;app_studium.1.player.motivation_intrinsic_goal_3;Selection;"""Das Befriedigendste für mich in diesem Kurs ist es, zu versuchen, den Inhalt so gründlich wie möglich zu verstehen.""";“The most satisfying thing for me in this course is trying to understand the content as thoroughly as possible.”;"{1: 'Trifft gar nicht zu/Not at all true of me', 2: 'Trifft nicht zu/Not true of me', 3: 'Trifft eher nicht zu/Somewhat not true of me', 4: 'Teils/teils/Neutral', 5: 'Trifft eher zu/Somewhat true of me', 6: 'Trifft zu/True of me', 7: 'Trifft völlig zu/Very true of me', 0: ""Weiß nicht/Don't know""}"
Extrinsic Goal Orientation 3 (Competition);NEPS / MSLQ;1, 2;app_studium;MotivatedStrategies;app_studium.1.player.motivation_extrinsic_goal_3;Selection;“Wenn ich kann, möchte ich in diesem Kurs bessere Noten erzielen als die meisten anderen Studierenden.”;“If I can, I want to get better grades in this class than most of the other students.”;"{1: 'Trifft gar nicht zu/Not at all true of me', 2: 'Trifft nicht zu/Not true of me', 3: 'Trifft eher nicht zu/Somewhat not true of me', 4: 'Teils/teils/Neutral', 5: 'Trifft eher zu/Somewhat true of me', 6: 'Trifft zu/True of me', 7: 'Trifft völlig zu/Very true of me', 0: ""Weiß nicht/Don't know""}"
Extrinsic Goal Orientation 4 (Job);NEPS / MSLQ;1, 2;app_studium;MotivatedStrategies;app_studium.1.player.motivation_extrinsic_goal_4;Selection;“Ich studiere, um später gute Karrierechancen zu haben.”;“I am studying for my degree course in order to have good career opportunities later.”;"{1: 'Trifft gar nicht zu/Not at all true of me', 2: 'Trifft nicht zu/Not true of me', 3: 'Trifft eher nicht zu/Somewhat not true of me', 4: 'Teils/teils/Neutral', 5: 'Trifft eher zu/Somewhat true of me', 6: 'Trifft zu/True of me', 7: 'Trifft völlig zu/Very true of me', 0: ""Weiß nicht/Don't know""}"
Academic Stress;NEPS / MSLQ;1, 2;app_studium;MotivatedStrategies;app_studium.1.player.affective_academic_stress;Selection;“Im Rahmen des Studiums, denke ich an die Konsequenzen des Scheiterns.”;“In my studies I think of the consequences of failing.”;"{1: 'Trifft gar nicht zu/Not at all true of me', 2: 'Trifft nicht zu/Not true of me', 3: 'Trifft eher nicht zu/Somewhat not true of me', 4: 'Teils/teils/Neutral', 5: 'Trifft eher zu/Somewhat true of me', 6: 'Trifft zu/True of me', 7: 'Trifft völlig zu/Very true of me', 0: ""Weiß nicht/Don't know""}"
Resource Time;NEPS / MSLQ;1, 2;app_studium;MotivatedStrategies;app_studium.1.player.resource_time;Selection;“Ich achte darauf, dass ich mit den wöchentlichen Leseaufgaben und Hausaufgaben für diesen Kurs Schritt halte.”;“I make sure I keep up with the weekly readings and assignments for this course.”;"{1: 'Trifft gar nicht zu/Not at all true of me', 2: 'Trifft nicht zu/Not true of me', 3: 'Trifft eher nicht zu/Somewhat not true of me', 4: 'Teils/teils/Neutral', 5: 'Trifft eher zu/Somewhat true of me', 6: 'Trifft zu/True of me', 7: 'Trifft völlig zu/Very true of me', 0: ""Weiß nicht/Don't know""}"
Resource Help;NEPS / MSLQ;1, 2;app_studium;MotivatedStrategies;app_studium.1.player.resource_help;Selection;“Wenn ich den Stoff dieses Kurses nicht verstehe, weiß ich, wen ich um Hilfe bitten kann.”;“When I can't understand the material in this course, I know who to ask for help.”;"{1: 'Trifft gar nicht zu/Not at all true of me', 2: 'Trifft nicht zu/Not true of me', 3: 'Trifft eher nicht zu/Somewhat not true of me', 4: 'Teils/teils/Neutral', 5: 'Trifft eher zu/Somewhat true of me', 6: 'Trifft zu/True of me', 7: 'Trifft völlig zu/Very true of me', 0: ""Weiß nicht/Don't know""}"
Resource Peer;NEPS / MSLQ;1, 2;app_studium;MotivatedStrategies;app_studium.1.player.resource_peer;Selection;“Ich versuche, mit anderen Studierenden aus diesem Kurs zusammenzuarbeiten, um die Kursaufgaben zu erledigen.”;“I try to work with other students from this class to complete the course assignments.”;"{1: 'Trifft gar nicht zu/Not at all true of me', 2: 'Trifft nicht zu/Not true of me', 3: 'Trifft eher nicht zu/Somewhat not true of me', 4: 'Teils/teils/Neutral', 5: 'Trifft eher zu/Somewhat true of me', 6: 'Trifft zu/True of me', 7: 'Trifft völlig zu/Very true of me', 0: ""Weiß nicht/Don't know""}"
Network Named Persons;Old;1, 2;app_network;NetworkNamedPerson;app_network.1.player.person_{1-50};Field;“Bitte geben Sie hier die 3-stelligen Codes ein, welche Sie mit Bekannten ausgetauscht haben.”;“Enter names of persons in network”;TextString (required)
Group Relation;Old;1, 2;app_network;GroupAssessment;app_network.1.player.group_{1-50};Checkbox;“Bitte ordnen Sie die folgenden Personen Ihren verschiedenen Freundeskreisen zu. Ein Freundeskreis besteht aus Personen, die auch untereinander befreundet sind.”;Are you acquainted with this person?;TextString (person_1 to person_50)
Friendship Relation;Old;1, 2;app_network;SpecialNetworks;app_network.1.player.friend_{1-50};Checkbox;“Ich bin mit dieser Person befreundet.”;Are you friends with this person?;{0: 'No', 1: 'Yes'}
Study Relation;Old;1, 2;app_network;SpecialNetworks;app_network.1.player.study_{1-50};Checkbox;“Wir lernen regelmäßig zusammen.”;Do you study with this person?;{0: 'No', 1: 'Yes'}
Politics Relation;Old;1, 2;app_network;SpecialNetworks;app_network.1.player.politics_{1-50};Checkbox;“Wir diskutieren regelmäßig über politische Themen.“;Do you discuss politics with this person?;{0: 'No', 1: 'Yes'}
Help Relation;Old;1, 2;app_network;SpecialNetworks;app_network.1.player.support_{1-50};Checkbox;“Ich würde diese Person bei persönlichen Problemen um Hilfe fragen.“;Do you seek support/council from this person?;{0: 'No', 1: 'Yes'}
Old Acquaintance Relation;Old;1, 2;app_network;SpecialNetworks;app_network.1.player.old_{1-50};Checkbox;“Ich kannte diese Person bevor ich zur Uni gekommen bin.”;Did you know this person before starting your studies?;{0: 'No', 1: 'Yes'}
Academic Network Assessment;Old;1, 2;app_network;AcademicNetworkAssessment;app_network.1.player.grade_{1-50};Selection;“Welche Abschlussnoten für die Klausur dieser Vorlesung erwarten Sie für die Personen, von denen Sie zuvor den Code erhalten haben?”;What grade do you estimate this person will receive?;{0: 'No', 1: 'Yes'}
Social Network Facebook;Old;1, 2;app_political;Participation;app_political.1.player.social_networks_1;Checkbox;“Facebook”;“Facebook”;{1.0: '1.0', 1.3: '1.3', 1.7: '1.7', 2.0: '2.0', 2.3: '2.3', 2.7: '2.7', 3.0: '3.0', 3.3: '3.3', 3.7: '3.7', 4.0: '4.0', 5.0: '5.0'}
Social Network Twitter;Old;1, 2;app_political;Participation;app_political.1.player.social_networks_2;Checkbox;“Twitter / X”;“Twitter / X”;{0: 'Not used', 1: 'Used'}
Social Network LinkedIn;Old;1, 2;app_political;Participation;app_political.1.player.social_networks_3;Checkbox;“LinkedIn”;“LinkedIn”;{0: 'Not used', 1: 'Used'}
Social Network Instagram;Old;1, 2;app_political;Participation;app_political.1.player.social_networks_4;Checkbox;“Instagram”;“Instagram”;{0: 'Not used', 1: 'Used'}
Social Network Signal;Old;1, 2;app_political;Participation;app_political.1.player.social_networks_5;Checkbox;“Signal”;“Signal”;{0: 'Not used', 1: 'Used'}
Social Network YouTube;Old;1, 2;app_political;Participation;app_political.1.player.social_networks_6;Checkbox;“YouTube”;“YouTube”;{0: 'Not used', 1: 'Used'}
Social Network Snapchat;Old;1, 2;app_political;Participation;app_political.1.player.social_networks_7;Checkbox;“Snapchat”;“Snapchat”;{0: 'Not used', 1: 'Used'}
Social Network WhatsApp;Old;1, 2;app_political;Participation;app_political.1.player.social_networks_8;Checkbox;“WhatsApp”;“WhatsApp”;{0: 'Not used', 1: 'Used'}
Social Network TikTok;Old;1, 2;app_political;Participation;app_political.1.player.social_networks_9;Checkbox;“TikTok”;“TikTok”;{0: 'Not used', 1: 'Used'}
Social Network Telegram;Old;1, 2;app_political;Participation;app_political.1.player.social_networks_10;Checkbox;“Telegram”;“Telegram”;{0: 'Not used', 1: 'Used'}
Social Network Discord;Old;1, 2;app_political;Participation;app_political.1.player.social_networks_11;Checkbox;“Discord”;“Discord”;{0: 'Not used', 1: 'Used'}
Social Network Reddit;Old;1, 2;app_political;Participation;app_political.1.player.social_networks_12;Checkbox;“Reddit”;“Reddit”;{0: 'Not used', 1: 'Used'}
Social Network Other;Old;1, 2;app_political;Participation;app_political.1.player.social_networks_13;Field;“Andere:”;Other:;{0: 'Not used', 1: 'Used'}
Left-Right Self-Assessment;Old;1, 2;app_network;LeftRightSelfAssessment;app_network.1.player.linksrechts_self;Selection;"""Viele Leute verwenden die Begriffe links (1) und rechts (11), wenn es darum geht, unterschiedliche politische Einstellungen zu kennzeichnen. Wenn Sie an Ihre eigenen politischen Ansichten denken, wo würden Sie sich selbst auf dieser Skala einstufen?""";"""A lot of people use the terms left (1) and right (11) when it comes to labeling different political attitudes. When you think of your own political views, where would you place yourself on this scale?""";TextString
Left-Right Network Assessment;Old;1, 2;app_network;LeftRightNetworkAssessment;app_network.1.player.linksrechts_{1-50};Selection;“Wenn Sie diese Skala von Links (1) bis Rechts (11) benutzen, wo würden Sie die Personen, von denen Sie zuvor den Code erhalten haben, einordnen?”;“Where would you place this person on the left-right scale?”;"{1: '1', 2: '2', 3: '3', 4: '4', 5: '5', 6: '6', 7: '7', 8: '8', 9: '9', 10: '10', 11: '11', 0: ""Weiß nicht/Don't know""}"
Participation Demonstration;Old;1, 2;app_political;Participation;app_political.1.player.participation_demonstration;Selection;"""Haben Sie schon einmal an einer Demonstration teilgenommen?""";"""Have you ever participated in a demonstration?""";"{1: '1', 2: '2', 3: '3', 4: '4', 5: '5', 6: '6', 7: '7', 8: '8', 9: '9', 10: '10', 11: '11', 0: ""Don't know""}"
Petition Signatory;Old;1, 2;app_political;Participation;app_political.1.player.petition_signatory;Selection;"""Haben Sie schon einmal eine Petition unterschrieben?""";"""Have you ever signed a petition?""";"{1: 'Ja/Yes', 2: 'Nein/No', 0: ""Weiß nicht/Don't know""}"
Sunday Party Vote;Old;1, 2;app_political;Sonntagsfrage;app_political.1.player.sunday_party_vote;Selection;"""Wenn nächsten Sonntag Bundestagswahl wäre, welche Partei würden Sie mit Ihrer Zweitstimme wählen?""";"""If there were a federal election next Sunday, which party would you vote for with your second vote?""";"{1: 'Ja/Yes', 2: 'Nein/No', 0: ""Weiß nicht/Don't know""}"
Scalo CDU;Old;1, 2;app_political;ScaloParty;app_political.1.player.scalo_cdu;Scale;"""CDU""";"""CDU""";"{1: 'CDU', 2: 'CSU', 3: 'SPD', 4: 'AfD', 5: 'FDP', 6: 'Die LINKE', 7: 'Bündnis 90/Die Grünen', 8: 'BSW', 9: 'Andere Partei/Other party', 10: 'Würde nicht wählen/Would not vote', 11: 'Bin nicht wahlberechtigt/Not eligible to vote', 0: ""Weiß nicht/Don't know""}"
Scalo CSU;Old;1, 2;app_political;ScaloParty;app_political.1.player.scalo_csu;Scale;"""CSU""";"""CSU""";{-5: '-5', -4: '-4', -3: '-3', -2: '-2', -1: '-1', 0: '0', 1: '1', 2: '2', 3: '3', 4: '4', 5: '5'}
Scalo SPD;Old;1, 2;app_political;ScaloParty;app_political.1.player.scalo_spd;Scale;"""SPD""";"""SPD""";{-5: '-5', -4: '-4', -3: '-3', -2: '-2', -1: '-1', 0: '0', 1: '1', 2: '2', 3: '3', 4: '4', 5: '5'}
Scalo Gruene;Old;1, 2;app_political;ScaloParty;app_political.1.player.scalo_gruene;Scale;“Grüne”;“Grüne”;{-5: '-5', -4: '-4', -3: '-3', -2: '-2', -1: '-1', 0: '0', 1: '1', 2: '2', 3: '3', 4: '4', 5: '5'}
Scalo FDP;Old;1, 2;app_political;ScaloParty;app_political.1.player.scalo_fdp;Scale;"""FDP""";"""FDP""";{-5: '-5', -4: '-4', -3: '-3', -2: '-2', -1: '-1', 0: '0', 1: '1', 2: '2', 3: '3', 4: '4', 5: '5'}
Scalo AfD;Old;1, 2;app_political;ScaloParty;app_political.1.player.scalo_afd;Scale;"""AfD""";"""AfD""";{-5: '-5', -4: '-4', -3: '-3', -2: '-2', -1: '-1', 0: '0', 1: '1', 2: '2', 3: '3', 4: '4', 5: '5'}
Scalo Linke;Old;1, 2;app_political;ScaloParty;app_political.1.player.scalo_linke;Scale;"""Left""";"""Left""";{-5: '-5', -4: '-4', -3: '-3', -2: '-2', -1: '-1', 0: '0', 1: '1', 2: '2', 3: '3', 4: '4', 5: '5'}
Scalo BSW;Old;1, 2;app_political;ScaloParty;app_political.1.player.scalo_bsw;Scale;"""BSW""";"""BSW""";{-5: '-5', -4: '-4', -3: '-3', -2: '-2', -1: '-1', 0: '0', 1: '1', 2: '2', 3: '3', 4: '4', 5: '5'}
Left-Right Assessment CDU;Old;1, 2;app_political;LeftRightParty;app_political.1.player.lr_CDU;Scale;“CDU”;“CDU”;{-5: '-5', -4: '-4', -3: '-3', -2: '-2', -1: '-1', 0: '0', 1: '1', 2: '2', 3: '3', 4: '4', 5: '5'}
Left-Right Assessment CSU;Old;1, 2;app_political;LeftRightParty;app_political.1.player.lr_CSU;Scale;“CSU”;“CSU”;{1: '1', 2: '2', 3: '3', 4: '4', 5: '5', 6: '6', 7: '7', 8: '8', 9: '9', 10: '10', 11: '11'}
Left-Right Assessment SPD;Old;1, 2;app_political;LeftRightParty;app_political.1.player.lr_SPD;Scale;“SPD”;“SPD”;{1: '1', 2: '2', 3: '3', 4: '4', 5: '5', 6: '6', 7: '7', 8: '8', 9: '9', 10: '10', 11: '11'}
Left-Right Assessment Gruene;Old;1, 2;app_political;LeftRightParty;app_political.1.player.lr_Gruene;Scale;“Grüne”;“Grüne”;{1: '1', 2: '2', 3: '3', 4: '4', 5: '5', 6: '6', 7: '7', 8: '8', 9: '9', 10: '10', 11: '11'}
Left-Right Assessment FDP;Old;1, 2;app_political;LeftRightParty;app_political.1.player.lr_FDP;Scale;“FDP”;“FDP”;{1: '1', 2: '2', 3: '3', 4: '4', 5: '5', 6: '6', 7: '7', 8: '8', 9: '9', 10: '10', 11: '11'}
Left-Right Assessment Linke;Old;1, 2;app_political;LeftRightParty;app_political.1.player.lr_Linke;Scale;“Linke”;“Linke”;{1: '1', 2: '2', 3: '3', 4: '4', 5: '5', 6: '6', 7: '7', 8: '8', 9: '9', 10: '10', 11: '11'}
Left-Right Assessment AfD;Old;1, 2;app_political;LeftRightParty;app_political.1.player.lr_AfD;Scale;“AfD”;“AfD”;{1: '1', 2: '2', 3: '3', 4: '4', 5: '5', 6: '6', 7: '7', 8: '8', 9: '9', 10: '10', 11: '11'}
Left-Right Assessment BSW;Old;1, 2;app_political;LeftRightParty;app_political.1.player.lr_BSW;Scale;“BSW”;“BSW”;{1: '1', 2: '2', 3: '3', 4: '4', 5: '5', 6: '6', 7: '7', 8: '8', 9: '9', 10: '10', 11: '11'}
Scalo 1 - Boris Pistorius;Old;1, 2;app_political;ScaloPerson;app_political.1.player.scalo_pep1;Scale;"""Boris Pistorius""";"""Boris Pistorius""";{1: '1', 2: '2', 3: '3', 4: '4', 5: '5', 6: '6', 7: '7', 8: '8', 9: '9', 10: '10', 11: '11'}
Scalo 2 - Bärbel Bas;Old;1, 2;app_political;ScaloPerson;app_political.1.player.scalo_pep2;Scale;"""Bärbel Bas""";"""Bärbel Bas""";{-5: '-5', -4: '-4', -3: '-3', -2: '-2', -1: '-1', 0: '0', 1: '1', 2: '2', 3: '3', 4: '4', 5: '5'}
Scalo 3 - Robert Habeck;Old;1, 2;app_political;ScaloPerson;app_political.1.player.scalo_pep3;Scale;"""Robert Habeck""";"""Robert Habeck""";{-5: '-5', -4: '-4', -3: '-3', -2: '-2', -1: '-1', 0: '0', 1: '1', 2: '2', 3: '3', 4: '4', 5: '5'}
Scalo 4 - Franziska Brantner;Old;1, 2;app_political;ScaloPerson;app_political.1.player.scalo_pep4;Scale;"""Franziska Brantner""";"""Franziska Brantner""";{-5: '-5', -4: '-4', -3: '-3', -2: '-2', -1: '-1', 0: '0', 1: '1', 2: '2', 3: '3', 4: '4', 5: '5'}
Scalo 5 - Alice Weidel;Old;1, 2;app_political;ScaloPerson;app_political.1.player.scalo_pep5;Scale;"""Alice Weidel""";"""Alice Weidel""";{-5: '-5', -4: '-4', -3: '-3', -2: '-2', -1: '-1', 0: '0', 1: '1', 2: '2', 3: '3', 4: '4', 5: '5'}
Scalo 6 - Janine Wissler;Old;1, 2;app_political;ScaloPerson;app_political.1.player.scalo_pep6;Scale;"""Janine Wissler""";"""Janine Wissler""";{-5: '-5', -4: '-4', -3: '-3', -2: '-2', -1: '-1', 0: '0', 1: '1', 2: '2', 3: '3', 4: '4', 5: '5'}
Scalo 7 - Julia Klöckner;Old;1, 2;app_political;ScaloPerson;app_political.1.player.scalo_pep7;Scale;"""Julia Klöckner""";"""Julia Klöckner""";{-5: '-5', -4: '-4', -3: '-3', -2: '-2', -1: '-1', 0: '0', 1: '1', 2: '2', 3: '3', 4: '4', 5: '5'}
Scalo 8 - Markus Söder;Old;1, 2;app_political;ScaloPerson;app_political.1.player.scalo_pep8;Scale;"""Markus Söder""";"""Markus Söder""";{-5: '-5', -4: '-4', -3: '-3', -2: '-2', -1: '-1', 0: '0', 1: '1', 2: '2', 3: '3', 4: '4', 5: '5'}
Scalo 9 - Dorothee Bär;Old;1, 2;app_political;ScaloPerson;app_political.1.player.scalo_pep9;Scale;"""Dorothee Bär""";"""Dorothee Bär""";{-5: '-5', -4: '-4', -3: '-3', -2: '-2', -1: '-1', 0: '0', 1: '1', 2: '2', 3: '3', 4: '4', 5: '5'}
Scalo 10 - Lars Klingbeil;Old;1, 2;app_political;ScaloPerson;app_political.1.player.scalo_pep10;Scale;"""Lars Klingbeil""";"""Lars Klingbeil""";{-5: '-5', -4: '-4', -3: '-3', -2: '-2', -1: '-1', 0: '0', 1: '1', 2: '2', 3: '3', 4: '4', 5: '5'}
Scalo 11 - Tino Chrupalla;Old;1, 2;app_political;ScaloPerson;app_political.1.player.scalo_pep11;Scale;"""Tino Chrupalla""";"""Tino Chrupalla""";{-5: '-5', -4: '-4', -3: '-3', -2: '-2', -1: '-1', 0: '0', 1: '1', 2: '2', 3: '3', 4: '4', 5: '5'}
Scalo 12 - Ines Schwerdtner;Old;1, 2;app_political;ScaloPerson;app_political.1.player.scalo_pep12;Scale;"""Ines Schwerdtner""";"""Ines Schwerdtner""";{-5: '-5', -4: '-4', -3: '-3', -2: '-2', -1: '-1', 0: '0', 1: '1', 2: '2', 3: '3', 4: '4', 5: '5'}
Scalo 13 - Friedrich Merz;Old;1, 2;app_political;ScaloPerson;app_political.1.player.scalo_pep13;Scale;"""Friedrich Merz""";"""Friedrich Merz""";{-5: '-5', -4: '-4', -3: '-3', -2: '-2', -1: '-1', 0: '0', 1: '1', 2: '2', 3: '3', 4: '4', 5: '5'}
Scalo 14 - Vladimir Putin;Old;1, 2;app_political;ScaloPerson;app_political.1.player.scalo_pep14;Scale;"""Vladimir Putin""";"""Vladimir Putin""";{-5: '-5', -4: '-4', -3: '-3', -2: '-2', -1: '-1', 0: '0', 1: '1', 2: '2', 3: '3', 4: '4', 5: '5'}
Scalo 15 - Donald Trump;Old;1, 2;app_political;ScaloPerson;app_political.1.player.scalo_pep15;Scale;"""Donald Trump""";"""Donald Trump""";{-5: '-5', -4: '-4', -3: '-3', -2: '-2', -1: '-1', 0: '0', 1: '1', 2: '2', 3: '3', 4: '4', 5: '5'}
Scalo 16 - Benjamin Netanyahu;Old;1, 2;app_political;ScaloPerson;app_political.1.player.scalo_pep16;Scale;"""Benjamin Netanyahu""";"""Benjamin Netanyahu""";{-5: '-5', -4: '-4', -3: '-3', -2: '-2', -1: '-1', 0: '0', 1: '1', 2: '2', 3: '3', 4: '4', 5: '5'}
Scalo 17 - Emmanuel Macron;Old;1, 2;app_political;ScaloPerson;app_political.1.player.scalo_pep17;Scale;"""Emmanuel Macron""";"""Emmanuel Macron""";{-5: '-5', -4: '-4', -3: '-3', -2: '-2', -1: '-1', 0: '0', 1: '1', 2: '2', 3: '3', 4: '4', 5: '5'}
Scalo 18 - Giorgia Meloni;Old;1, 2;app_political;ScaloPerson;app_political.1.player.scalo_pep18;Scale;"""Giorgia Meloni""";"""Giorgia Meloni""";{-5: '-5', -4: '-4', -3: '-3', -2: '-2', -1: '-1', 0: '0', 1: '1', 2: '2', 3: '3', 4: '4', 5: '5'}
Scalo 19 - Keir Starmer;Old;1, 2;app_political;ScaloPerson;app_political.1.player.scalo_pep19;Scale;"""Keir Starmer""";"""Keir Starmer""";{-5: '-5', -4: '-4', -3: '-3', -2: '-2', -1: '-1', 0: '0', 1: '1', 2: '2', 3: '3', 4: '4', 5: '5'}
Scalo 20 - Greta Thunberg;Old;1, 2;app_political;ScaloPerson;app_political.1.player.scalo_pep20;Scale;"""Greta Thunberg""";"""Greta Thunberg""";{-5: '-5', -4: '-4', -3: '-3', -2: '-2', -1: '-1', 0: '0', 1: '1', 2: '2', 3: '3', 4: '4', 5: '5'}
Political Question Federal Politics;Old;1, 2;app_political;PoliticalQuestions;app_political.1.player.politics_question_one;Scale;"""Wichtige Fragen zur Bundespolitik in Deutschland kann ich gut verstehen und einschätzen.""";"""I am able to understand important questions regarding federal politics in Germany.""";{-5: '-5', -4: '-4', -3: '-3', -2: '-2', -1: '-1', 0: '0', 1: '1', 2: '2', 3: '3', 4: '4', 5: '5'}
Political Question MPs Contact;Old;1, 2;app_political;PoliticalQuestions;app_political.1.player.politics_question_two;Scale;"""Die Abgeordneten des deutschen Bundestages bemühen sich um einen engen Kontakt zur Bevölkerung.""";"""The members of the German parliament strive to keep in close touch with the people.""";{1: 'Completely Disagree', 2: 'Disagree', 3: 'Neither agree nor disagree', 4: 'Agree', 5: 'Completely Agree'}
Political Question Discussion;Old;1, 2;app_political;PoliticalQuestions;app_political.1.player.politics_question_three;Scale;"""Ich traue mir zu, mich an einem Gespräch über politische Fragen zur Bundespolitik aktiv zu beteiligen.""";"""I have the confidence to take an active part in a discussion about issues regarding federal politics.""";{1: 'Completely Disagree', 2: 'Disagree', 3: 'Neither agree nor disagree', 4: 'Agree', 5: 'Completely Agree'}
Political Question MPs Care;Old;1, 2;app_political;PoliticalQuestions;app_political.1.player.politics_question_four;Scale;"""Die Abgeordneten des deutschen Bundestages kümmern sich darum, was Leute wie ich denken.""";"""The members of the German parliament care about what people like me think.""";{1: 'Completely Disagree', 2: 'Disagree', 3: 'Neither agree nor disagree', 4: 'Agree', 5: 'Completely Agree'}
Political Question Capabilities;Old;1, 2;app_political;PoliticalQuestions;app_political.1.player.politics_question_five;Scale;"""In schwierigen Situationen kann ich mich auf meine Fähigkeiten verlassen.""";"""In difficult situations, I can trust my capabilities.""";{1: 'Completely Disagree', 2: 'Disagree', 3: 'Neither agree nor disagree', 4: 'Agree', 5: 'Completely Agree'}
Political Question Problems;Old;1, 2;app_political;PoliticalQuestions;app_political.1.player.politics_question_six;Scale;"""Die meisten Probleme kann ich aus eigener Kraft gut meistern.""";"""I can cope with most problems myself.""";{1: 'Completely Disagree', 2: 'Disagree', 3: 'Neither agree nor disagree', 4: 'Agree', 5: 'Completely Agree'}
Political Question Complex Tasks;Old;1, 2;app_political;PoliticalQuestions;app_political.1.player.politics_question_seven;Scale;"""Auch anstrengende und komplizierte Aufgaben kann ich in der Regel gut lösen.""";"""In general, I can solve challenging and complex tasks.""";{1: 'Completely Disagree', 2: 'Disagree', 3: 'Neither agree nor disagree', 4: 'Agree', 5: 'Completely Agree'}
Migration Economy ;;2;app_migration;Migration;;Scale;;;{0: ‘Don’t know’, 1: ‘Very strongly disagree', 2: ‘Strongly disagree', 3: 'Disagree', 4: 'Neutral', 5: 'Agree', 6: ‘Strongly agree', 7: ‘Very strongly agree'}
;;2;app_migration;Migration;;;;;
