3-Symbol Code;Matrikelnummer;Name ;4-Symbol Code (Improvised)
it8;;;
0dz;;;
qcm;;;
2wb;;;
fzt;;;
scs;;;
cbf;;;
5mh;;;
buk;;;
cj2;;;
sfq;;;
2af;;;
s1a;;;
34l;;;
9rs;;;
xqb;;;
x9g;;;
gvj;;;
866;;;
mww;;;
6et;;;
j2c;;;
kmi;;;
h8y;;;
3xf;;;
xzu;;;
iv4;;;
hqq;;;
igz;;;
xjm;;;
cmc;;;
6lc;;;
u46;;;
mx2;;;
czd;;;
bl5;;;
pt4;;;
vg9;;;
kku;;;
3eu;;;
4i4;;;
fus;;;
y62;;;
m9r;;;
uuw;;;
ntn;;;
d4k;;;
tot;;;
6xp;;;
lk2;;;
jd2;;;
l2f;;;
dxs;;;
jkv;;;
h76;;;
zda;;;
fw2;;;
li1;;;
8st;;;
l53;;;
vov;;;
2uu;;;
yfx;;;
0tb;;;
xxy;;;
64d;;;
v8w;;;
2yv;;;
pch;;;
6dh;;;
s57;;;
77k;;;
8ag;;;
4cy;;;
1gp;;;
0pk;;;
uwe;;;
2o8;;;
t21;;;
vi7;;;
pjg;;;
c1b;;;
f6k;;;
jqm;;;
ukz;;;
o69;;;
6iu;;;
p2s;;;
v5m;;;
ysq;;;
c2m;;;
tco;;;
u0j;;;
42t;;;
z84;;;
j97;;;
6kb;;;
tln;;;
shz;;;
z63;;;